CCCID,ETHNIC_DESC,ETHNIC_CODE,RACE_ETHNICITY,HISPANIC,RACE_ETHNIC_FULL,RACE_GROUP,anyAABlack,anyAIAN,anyAsian,anyFilipino,anyHispLat,anyPI,anyMENA,anyWhite,multAABlack,multAIAN,multAsian,multFilipino,multPI,multMENA,multWhite,onlyHispLat
KCOO366,Multiple Ethnicity,7,NNNNNNNNNNNNNNNYNNNNY,NA,NA,NA,0,1,0,0,0,0,0,1,0,1,0,0,0,0,1,0
QEME965,Multiple Ethnicity,7,NNNNNNNNNNNNNNNYNNNNY,N,"300,325,800,804,806","16, 21",0,1,0,0,0,0,0,1,0,1,0,0,0,0,1,0
HRNQ136,Hispanic/Latinx,5,YYNNYNNNNNNNNNNYNNNNN,Y,"100,111,117,300,418","01,02,05,16",0,1,0,0,1,0,0,0,0,1,0,0,0,0,0,0
RKNY581,Am. Indian/Alaskan Native,2,NNNNNNNNNNNNNNNYNNNNN,N,"300,418",16,0,1,0,0,0,0,0,0,0,0,0,0,0,0,0,0
NFQR571,Multiple Ethnicity,7,NNNNNNNNNNNNNNNYNNNNY,N,"300,325,800","16,21",0,1,0,0,0,0,0,1,0,1,0,0,0,0,1,0
VNNV810,Multiple Ethnicity,7,NNNNNNNNNNNNNNNYNNNNY,N,"300,418,800","16,21",0,1,0,0,0,0,0,1,0,1,0,0,0,0,1,0
AMKI209,Multiple Ethnicity,7,NNNNNNNNNNNNNNNYNNNNY,N,"300,325,800,809","16, 21",0,1,0,0,0,0,0,1,0,1,0,0,0,0,1,0
KNNH587,Multiple Ethnicity,7,NNNNNNNNNNNNNNNYNNNNY,NA,NA,NA,0,1,0,0,0,0,0,1,0,1,0,0,0,0,1,0
LJTA583,Hispanic/Latinx,5,YYNNNNNNNNNNNNNYNNNNY,Y,"100,111,300,350,800","01, 02, 16, 21",0,1,0,0,1,0,0,1,0,1,0,0,0,0,1,0
JVNP263,Multiple Ethnicity,7,NNNNNNNNNNNNNNNYNNNNY,N,"300,327,800,806","16,21",0,1,0,0,0,0,0,1,0,1,0,0,0,0,1,0
FEEQ946,Am. Indian/Alaskan Native,2,NNNNNNNNNNNNNNYYNNNNN,N,"300,418,500,15","15,16",1,1,0,0,0,0,0,0,0,0,0,0,0,0,0,0
FXPX105,Hispanic/Latinx,5,NNNNNNNNNNNNYNNYNNNNY,N,"200,13,300,418,800,804,806","13, 16, 21",0,1,0,1,1,0,0,1,0,1,0,1,0,0,1,0
LASP224,Multiple Ethnicity,7,NNNNNNNNNNNNNNNYNNNNY,N,"300,327,397,800","16,21",0,1,0,0,0,0,0,1,0,1,0,0,0,0,1,0
JTSA538,Am. Indian/Alaskan Native,2,NNNNNNNNNNNNNNNYNNNNN,N,"300,325",16,0,1,0,0,0,0,0,0,0,0,0,0,0,0,0,0
ILHC723,Multiple Ethnicity,7,NNNNNNNNNNNNNNNYNNNNY,NA,NA,NA,0,1,0,0,0,0,0,1,0,1,0,0,0,0,1,0
WRHB497,Hispanic/Latinx,5,YYNNYNNNNNNNNNNYNNNNY,Y,"100,111,117,300,310,000,000,000","01,02,05,16,21",0,1,0,0,1,0,0,1,0,1,0,0,0,0,1,0
DKCK696,Hispanic/Latinx,5,YYNNNNNNNNNNNNNYNNNNY,Y,"100,111,300,325,800,000,000","01,02,16,21",0,1,0,0,1,0,0,1,0,1,0,0,0,0,1,0
YAWQ870,Hispanic/Latinx,5,YYNNNNNNNNNNNNYYNNNNY,Y,"100,111,300,418,500,000,000","01,02,15,16,21",1,1,0,0,1,0,0,1,1,1,0,0,0,0,1,0
UMIF517,Hispanic/Latinx,5,YYYNNNNNNNNNNNNYNNNNN,Y,"100,110,111,300,304","01,02,03,16",0,1,0,0,1,0,0,0,0,1,0,0,0,0,0,0
HLNN212,Multiple Ethnicity,7,NNNNNNNNNNNNNNYYNNNNY,N,"300,418,500,15,503,800,804,809","15,16,21",1,1,0,0,0,0,0,1,1,1,0,0,0,0,1,0
LGQE948,Hispanic/Latinx,5,YYNNNNNNNNNNNNNYNNNNY,Y,"100,111,300,325,800,000","01,02,16,21",0,1,0,0,1,0,0,1,0,1,0,0,0,0,1,0
YXXO996,Multiple Ethnicity,7,NNNNNNNNNNNNNNNYNNNNY,N,"300,386,800,809","16,21",0,1,0,0,0,0,0,1,0,1,0,0,0,0,1,0
MZJT265,Multiple Ethnicity,7,NNNNNNNNNNNNNNNYNNNNY,N,"300,325,397,800","16,21",0,1,0,0,0,0,0,1,0,1,0,0,0,0,1,0
OHIJ813,Hispanic/Latinx,5,YNNNYNNNNNNNNNYYNNNNY,Y,"100,115,300,325,500,15,501,800,806","01,05,15,16,21",1,1,0,0,1,0,0,1,1,1,0,0,0,0,1,0
UYON511,Hispanic/Latinx,5,YYNNNNNNNNNNNNNYNNNNY,Y,"100,111,300,325,800,000","01, 02, 16, 21",0,1,0,0,1,0,0,1,0,1,0,0,0,0,1,0
KTOV391,Hispanic/Latinx,5,YNNNYNNNNNNNNNNYNNNNY,Y,"100,115,117,300,325,000,000","01,05,16,21",0,1,0,0,1,0,0,1,0,1,0,0,0,0,1,0
TSSM935,Hispanic/Latinx,5,YYNNNNNNNNNNNNNYNNNNN,Y,"100,111,300,304","01,02,16",0,1,0,0,1,0,0,0,0,1,0,0,0,0,0,0
SSDP158,Multiple Ethnicity,7,NNNNNNNNNNNNNNNYNNNNY,N,"300,418,800,809","16,21",0,1,0,0,0,0,0,1,0,1,0,0,0,0,1,0
SHKH866,Multiple Ethnicity,7,NNNNNNNNNNNNNNNYNNNNY,N,"300,325,800,809","16, 21",0,1,0,0,0,0,0,1,0,1,0,0,0,0,1,0
MJYK545,Hispanic/Latinx,5,YYNNYNNNNNNNNNYYNNNNN,Y,"100,111,115,300,397,000,000","01,02,05,15,16",1,1,0,0,1,0,0,0,1,1,0,0,0,0,0,0
EEWQ273,Multiple Ethnicity,7,NNNNNNNNNNNNNNYYNNNNY,N,"200,300,500,503,800","15,16,21",1,1,0,0,0,0,0,1,1,1,0,0,0,0,1,0
VRIY605,Hispanic/Latinx,5,YYNNNNNNNNNNNNNYNNNNN,Y,"100,111,300,304,418","01, 02, 16",0,1,0,0,1,0,0,0,0,1,0,0,0,0,0,0
IOJE308,Am. Indian/Alaskan Native,2,NNNNNNNNNNNNNNNYNNNNN,N,"300,418",16,0,1,0,0,0,0,0,0,0,0,0,0,0,0,0,0
COJZ353,Multiple Ethnicity,7,NNNNNNNNNNNNNNNYNNNNY,N,"300,325,800,804","16,21",0,1,0,0,0,0,0,1,0,1,0,0,0,0,1,0
ZDDL359,Hispanic/Latinx,5,YYNNNNNNNNNNNNNYNNNNY,Y,"100,111,300,325,800,000,000","01,02,16,21",0,1,0,0,1,0,0,1,0,1,0,0,0,0,1,0
OKOA551,Multiple Ethnicity,7,NNNNNNNNNNNNNNNYNNNNY,NA,NA,NA,0,1,0,0,0,0,0,1,0,1,0,0,0,0,1,0
NDDR138,Hispanic/Latinx,5,YYNNNNNNNNNNNNNYNNNNY,Y,"100,111,300,800","01,02,16,21",0,1,0,0,1,0,0,1,0,1,0,0,0,0,1,0
MEJD275,Multiple Ethnicity,7,NNNNNNNNNNNNNNNYNNNNY,N,"300,325,800","16, 21",0,1,0,0,0,0,0,1,0,1,0,0,0,0,1,0
HDCF929,Hispanic/Latinx,5,NNNNNNNNNNNNNNNYNNNNN,N,"300,415",16,0,1,0,0,1,0,0,0,0,1,0,0,0,0,0,0
COEX917,Multiple Ethnicity,7,NNNNNNNNNNNNNNNYNNNNY,N,"300,418,800,806","16,21",0,1,0,0,0,0,0,1,0,1,0,0,0,0,1,0
TEZK543,Hispanic/Latinx,5,YNNYNNNNNNNNNNNYNNNNN,Y,"100,103,300,418","01,04,16",0,1,0,0,1,0,0,0,0,1,0,0,0,0,0,0
DAZV335,Multiple Ethnicity,7,NNNNNNNNNNNNNNNYNNNNY,N,"300,325,800,804,806","16,21",0,1,0,0,0,0,0,1,0,1,0,0,0,0,1,0
GFYT229,Hispanic/Latinx,5,YNYNNNNNNNNNNNNYNNNNN,NA,NA,NA,0,1,0,0,1,0,0,0,0,1,0,0,0,0,0,0
FBGC456,Hispanic/Latinx,5,YYNNNNNNNNNNNNNYNNNNY,NA,NA,NA,0,1,0,0,1,0,0,1,0,1,0,0,0,0,1,0
RGPK582,Hispanic/Latinx,5,YNNNYNNNNNNNNNNYNNNNY,NA,NA,NA,0,1,0,0,1,0,0,1,0,1,0,0,0,0,1,0
KLKE270,Hispanic/Latinx,5,YYNNNNNNNNNNNNNYNNNNN,Y,"100,111,300,385","01,02,16",0,1,0,0,1,0,0,0,0,1,0,0,0,0,0,0
DYBT287,Hispanic/Latinx,5,YYNNYNNNNNNNNNNYNNNNN,Y,"100,111,119,300,304","01,02,05,16",0,1,0,0,1,0,0,0,0,1,0,0,0,0,0,0
IHBD767,Multiple Ethnicity,7,NNNNNNNNNNNNNNNYNNNNY,N,"300,325,368,800","16, 21",0,1,0,0,0,0,0,1,0,1,0,0,0,0,1,0
ZCPN795,Hispanic/Latinx,5,YYNNNNNNNNNNNNNYNNNNN,Y,"100,111,300,418","02, 16",0,1,0,0,1,0,0,0,0,1,0,0,0,0,0,0
THRZ775,Hispanic/Latinx,5,YYNNNNNNNNNNNNNYNNNNY,Y,"100,111,300,304,800,000","02, 16, 21",0,1,0,0,1,0,0,1,0,1,0,0,0,0,1,0
KGFX623,Hispanic/Latinx,5,YYNNNNNNNNNNNNNYNNNNN,Y,"100,111,300,304","01,02,16",0,1,0,0,1,0,0,0,0,1,0,0,0,0,0,0
ILCD950,Multiple Ethnicity,7,NNNNNNNNNNNNNNNYNNNNY,NA,NA,NA,0,1,0,0,0,0,0,1,0,1,0,0,0,0,1,0
AGWW895,Multiple Ethnicity,7,NNNNNNNNNNNNNNNYNNNNY,NA,NA,NA,0,1,0,0,0,0,0,1,0,1,0,0,0,0,1,0
TFYH859,Hispanic/Latinx,5,YYNNYNNNNNNNNNNYNNNNY,Y,"100,111,117,300,418,000,000","01, 02, 05, 16, 21",0,1,0,0,1,0,0,1,0,1,0,0,0,0,1,0
CGOT758,Multiple Ethnicity,7,NNNNNNNNNNNNNNYYNNNNY,N,"300,500,800","15,16,21",1,1,0,0,0,0,0,1,1,1,0,0,0,0,1,0
JBMK757,Multiple Ethnicity,7,NNNNNNNNNNNNNNNYNNNYN,N,"300,418,600,20","16,20",0,1,0,0,0,1,0,0,0,1,0,0,1,0,0,0
QOMO199,Hispanic/Latinx,5,YYNNNNNNNNNNNNNYNNNNY,NA,NA,NA,0,1,0,0,1,0,0,1,0,1,0,0,0,0,1,0
UPRG937,Am. Indian/Alaskan Native,2,NNNNNNNNNNNNNNNYNNNNN,N,"300,418",16,0,1,0,0,0,0,0,0,0,0,0,0,0,0,0,0
CZIN633,Hispanic/Latinx,5,YYNNYNNNNNNNNNNYNNNNN,Y,"100,111,119,300","01,02,05,16",0,1,0,0,1,0,0,0,0,1,0,0,0,0,0,0
RWEI738,Multiple Ethnicity,7,NNNNNNNNNNNNNNNYNNNNY,N,"300,800","16,21",0,1,0,0,0,0,0,1,0,1,0,0,0,0,1,0
FLJJ377,Multiple Ethnicity,7,NNNNNNNNNNNNNNNYNNNNY,NA,NA,NA,0,1,0,0,0,0,0,1,0,1,0,0,0,0,1,0
FFIR544,Hispanic/Latinx,5,YYNNNNNNNNNNNNNYNNNNN,NA,NA,NA,0,1,0,0,1,0,0,0,0,1,0,0,0,0,0,0
IFEE660,Am. Indian/Alaskan Native,2,NNNNNNNNNNNNNNNYNNNNN,N,"300,327,418",16,0,1,0,0,0,0,0,0,0,0,0,0,0,0,0,0
IXXS521,Am. Indian/Alaskan Native,2,NNNNNNNNNNNNNNNYNNNNN,N,"300,418",16,0,1,0,0,0,0,0,0,0,0,0,0,0,0,0,0
HFLB293,Am. Indian/Alaskan Native,2,NNNNNNNNNNNNNNNYNNNNN,N,"300,368",16,0,1,0,0,0,0,0,0,0,0,0,0,0,0,0,0
TPDR554,White,9,NNNNNNNNNNNNNNNYNNNNY,N,"300,800","16, 21",0,1,0,0,0,0,0,1,0,0,0,0,0,0,0,0
DPEU705,Multiple Ethnicity,7,NNNNNNNNNNNNNNNYNNNNY,N,"300,325,800","16,21",0,1,0,0,0,0,0,1,0,1,0,0,0,0,1,0
RYFV729,Hispanic/Latinx,5,YYNNNNNNNNNNNNYYNYNNY,Y,"100,111,300,418,500,15,600,18,800,806","01,02,15,16,18,21",1,1,0,0,1,1,0,1,1,1,0,0,1,0,1,0
FJAM427,Multiple Ethnicity,7,NNNNNNNNNNNNNNYYNNNNN,N,"300,418,500,15","15,16",1,1,0,0,0,0,0,0,1,1,0,0,0,0,0,0
ZVLI441,Multiple Ethnicity,7,NNNNNNNNNNNNNNNYNNNNY,N,"300,319,325,800,804,000,000,000,000","16,21",0,1,0,0,0,0,0,1,0,1,0,0,0,0,1,0
ZIIY806,Multiple Ethnicity,7,NNNNNNNNNNNNNNYYNNNNN,N,"300,325,368,500,15","15,16",1,1,0,0,0,0,0,0,1,1,0,0,0,0,0,0
XGPO682,Hispanic/Latinx,5,YNNNNNNNNNNNNNNYNNNNN,Y,"100,300,418","01, 16",0,1,0,0,1,0,0,0,0,1,0,0,0,0,0,0
TXQP909,Hispanic/Latinx,5,YNNNYNNNNNNNNNNYNNNNN,Y,"100,117,300,325,397,000","01,05,16",0,1,0,0,1,0,0,0,0,1,0,0,0,0,0,0
GGLU852,Multiple Ethnicity,7,NNNNNNNNNNNNNNNYNNNNY,N,"300,418,800,805","16,21",0,1,0,0,0,0,0,1,0,1,0,0,0,0,1,0
BESX887,Am. Indian/Alaskan Native,2,NNNNNNNNNNNNNNNYNNNNN,N,"300,418",16,0,1,0,0,0,0,0,0,0,0,0,0,0,0,0,0
VGAA381,Hispanic/Latinx,5,YYNNNNNNNNNNNNNYNNNNN,Y,"100,111,300,304","01,02,16",0,1,0,0,1,0,0,0,0,1,0,0,0,0,0,0
CHQF753,Hispanic/Latinx,5,YYNNNNNNNNNNNNNYNNNNN,Y,"100,111,300,304","01,02,16",0,1,0,0,1,0,0,0,0,1,0,0,0,0,0,0
WPHB607,Am. Indian/Alaskan Native,2,NNNNNNNNNNNNNNNYNNNNN,N,"300,325",16,0,1,0,0,0,0,0,0,0,0,0,0,0,0,0,0
JXDR108,Hispanic/Latinx,5,YYNNNNNNNNNNNNNYNNNNN,Y,"100,111,300,325","01, 02, 16",0,1,0,0,1,0,0,0,0,1,0,0,0,0,0,0
QZDD296,Multiple Ethnicity,7,NNNNNNNNNNNNNNYYNNNNY,N,"300,418,500,800,809","15,16,21",1,1,0,0,0,0,0,1,1,1,0,0,0,0,1,0
AEBM515,Multiple Ethnicity,7,NNNNNNNNNNNNNNNYNNNNY,NA,NA,NA,0,1,0,0,0,0,0,1,0,1,0,0,0,0,1,0
IQBN952,Hispanic/Latinx,5,YYNNNNNNNNNNNNNYNNNNN,Y,"100,111,300","01, 02, 16",0,1,0,0,1,0,0,0,0,1,0,0,0,0,0,0
RLRE142,Hispanic/Latinx,5,YYNNNNNNNNNNNNNYNNNNN,Y,"100,111,300,304","01,02,16",0,1,0,0,1,0,0,0,0,1,0,0,0,0,0,0
KOTU322,Multiple Ethnicity,7,NNNNNNNNNNNNNNNYNNNNY,N,"300,397,800","16,21",0,1,0,0,0,0,0,1,0,1,0,0,0,0,1,0
KBEB991,Multiple Ethnicity,7,NNNNNNNNNNNNNNNYNNNNY,NA,NA,NA,0,1,0,0,0,0,0,1,0,1,0,0,0,0,1,0
HZKV897,Multiple Ethnicity,7,NNNNNNNNNNNNNNNYNNNNY,N,"300,325,800,809","16,21",0,1,0,0,0,0,0,1,0,1,0,0,0,0,1,0
MYDX139,Hispanic/Latinx,5,NNNNNNNNNNNNYNNYNNNNY,N,"200,13,300,800,809","13,16,21",0,1,0,1,1,0,0,1,0,1,0,1,0,0,1,0
RHTM647,Hispanic/Latinx,5,NNNNNNNNNNNNNNNYNNNNY,N,"300,418,800,809","16,21",0,1,0,0,1,0,0,1,0,1,0,0,0,0,1,0
MXUU407,Multiple Ethnicity,7,NNNNNNNNNNNNNNNYNNNNY,N,"300,325,800,806","16, 21",0,1,0,0,0,0,0,1,0,1,0,0,0,0,1,0
NVAF721,Hispanic/Latinx,5,YNNYNNNNNNNNNNNYNNNNN,NA,NA,NA,0,1,0,0,1,0,0,0,0,1,0,0,0,0,0,0
IQQQ918,Multiple Ethnicity,7,NNNNNNNNNNNNNNNYNYNNY,NA,NA,NA,0,1,0,0,0,1,0,1,0,1,0,0,1,0,1,0
FBUJ580,Multiple Ethnicity,7,NNNNNNNNNNNNNNNYNNNNY,N,"300,397,800,804,806","16, 21",0,1,0,0,0,0,0,1,0,1,0,0,0,0,1,0
LLKZ856,Hispanic/Latinx,5,YYNNNNNNNNNNNNNYNNNNN,NA,NA,NA,0,1,0,0,1,0,0,0,0,1,0,0,0,0,0,0
DBHO252,Am. Indian/Alaskan Native,2,NNNNNNNNNNNNNNNYNNNNN,N,"300,325",16,0,1,0,0,0,0,0,0,0,0,0,0,0,0,0,0
ENQI422,Multiple Ethnicity,7,NNNNNNNNNNNNNNYYNNNNY,N,"300,500,15,800,806,807","15, 16, 21",1,1,0,0,0,0,0,1,1,1,0,0,0,0,1,0
WYHP169,Hispanic/Latinx,5,YNNNYNNNNNNNNNNYNNNNY,Y,"100,117,119,300,325,000,000,000","01,05,16,21",0,1,0,0,1,0,0,1,0,1,0,0,0,0,1,0
BIGT632,Multiple Ethnicity,7,NNNNNNNNNNNNNNNYNNNNY,N,"300,418,800,809","16,21",0,1,0,0,0,0,0,1,0,1,0,0,0,0,1,0
PCVX708,Hispanic/Latinx,5,XNNNNNNNNNNNNNNYNNNNN,NA,"300,418",16,0,1,0,0,1,0,0,0,0,1,0,0,0,0,0,0
ESNK570,Hispanic/Latinx,5,YNNNYNNNNNNNNNNYNNNNY,Y,"100,119,300,325,800,000","01,05,16,21",0,1,0,0,1,0,0,1,0,1,0,0,0,0,1,0
MYMQ669,Multiple Ethnicity,7,NNNNNNNNNNNNNNNYNNNNY,N,"300,418,800,806","16,21",0,1,0,0,0,0,0,1,0,1,0,0,0,0,1,0
ABPS881,Multiple Ethnicity,7,NNNNNNNNNNNNNNNYNNNNY,N,"300,386,800","16, 21",0,1,0,0,0,0,0,1,0,1,0,0,0,0,1,0
VOUB379,Hispanic/Latinx,5,YYNNNNNNNNNNNNNYNNNNN,Y,"100,111,300,368","02, 16",0,1,0,0,1,0,0,0,0,1,0,0,0,0,0,0
GDNY258,Multiple Ethnicity,7,NNNNNNNNNNNNNNNYNNNNY,N,"300,418,800,806","16, 21",0,1,0,0,0,0,0,1,0,1,0,0,0,0,1,0
QTGV885,Multiple Ethnicity,7,NNNNNNNNNNNNNNNYNNNNY,NA,NA,NA,0,1,0,0,0,0,0,1,0,1,0,0,0,0,1,0
QYLU932,Hispanic/Latinx,5,YNNNYNNNNNNNNNNYNNNNN,NA,NA,NA,0,1,0,0,1,0,0,0,0,1,0,0,0,0,0,0
GCXM556,Am. Indian/Alaskan Native,2,NNNNNNNNNNNNNNNYNNNNN,N,"300,418",16,0,1,0,0,0,0,0,0,0,0,0,0,0,0,0,0
BOOQ121,Hispanic/Latinx,5,YYNNNNNNNNNNNNNYNNNNN,Y,"100,111,300","01, 02, 16",0,1,0,0,1,0,0,0,0,1,0,0,0,0,0,0
NJRB406,Am. Indian/Alaskan Native,2,NNNNNNNNNNNNNNNYNNNNN,N,"300,353",16,0,1,0,0,0,0,0,0,0,0,0,0,0,0,0,0
UQUX261,Hispanic/Latinx,5,YNYNNNNNNNNNNNNYNNNNN,Y,"100,113,300,415","01,03,16",0,1,0,0,1,0,0,0,0,1,0,0,0,0,0,0
LNCD968,Multiple Ethnicity,7,NNNNNNNNNNNNNNNYNNNNY,NA,NA,NA,0,1,0,0,0,0,0,1,0,1,0,0,0,0,1,0
NGAK695,Multiple Ethnicity,7,NNNNNNNNNNNNNNNYNNNNY,NA,NA,NA,0,1,0,0,0,0,0,1,0,1,0,0,0,0,1,0
GADA191,Hispanic/Latinx,5,NNNNNNNNNNNNNNNYNNNNY,N,"300,325,800,809","16, 21",0,1,0,0,1,0,0,1,0,1,0,0,0,0,1,0
AKFU522,Hispanic/Latinx,5,YYNNNNYNNNNNNNNYNNNNN,Y,"100,111,200,07,300,416","01,02,07,16",0,1,1,0,1,0,0,0,0,1,1,0,0,0,0,0
HUOS450,Am. Indian/Alaskan Native,2,XNNNNNNNNNNNNNNYNNNNN,NA,"300,418",16,0,1,0,0,0,0,0,0,0,0,0,0,0,0,0,0
JACO588,Hispanic/Latinx,5,YYNNYNNNNNNNNNNYNNNNN,NA,NA,NA,0,1,0,0,1,0,0,0,0,1,0,0,0,0,0,0
RPXJ117,Multiple Ethnicity,7,NNNNNNNNNNNNNNNYNNNNY,N,"300,325,800,806","16, 21",0,1,0,0,0,0,0,1,0,1,0,0,0,0,1,0
LTAH503,Multiple Ethnicity,7,NNNNNNNNNNNNNNNYNNNNY,N,"300,325,800,804,806","16,21",0,1,0,0,0,0,0,1,0,1,0,0,0,0,1,0
WLNN982,Am. Indian/Alaskan Native,2,NNNNNNNNNNNNNNNYNNNNN,N,"300,356,384",16,0,1,0,0,0,0,0,0,0,0,0,0,0,0,0,0
IYAN761,Hispanic/Latinx,5,YYNNNNNNNNNNNNNYNNNNY,NA,NA,NA,0,1,0,0,1,0,0,1,0,1,0,0,0,0,1,0
RFNI811,Hispanic/Latinx,5,YYNNNNNNNNNNNNNYNNNNN,NA,NA,NA,0,1,0,0,1,0,0,0,0,1,0,0,0,0,0,0
XUYS259,Hispanic/Latinx,5,YYNNNNNNNNNNNNNYNNNNY,Y,"100,111,300,368,800,000","01,02,16,21",0,1,0,0,1,0,0,1,0,1,0,0,0,0,1,0
SKEX346,Hispanic/Latinx,5,YYNNYNNNNNNNNNNYNNNNN,NA,NA,NA,0,1,0,0,1,0,0,0,0,1,0,0,0,0,0,0
GDBH689,Hispanic/Latinx,5,YYNNYNNNNNNNNNNYNNNNN,Y,"100,111,117,300,304,000,000","01, 02, 05, 16",0,1,0,0,1,0,0,0,0,1,0,0,0,0,0,0
TYWT839,Multiple Ethnicity,7,NNNNNNNNNNNNNNNYNNNNY,N,"300,418,800,804,806","16,21",0,1,0,0,0,0,0,1,0,1,0,0,0,0,1,0
YZLM492,Hispanic/Latinx,5,YYNNNNNNNNNNNNYYNYNNY,Y,"100,111,300,325,418,419,500,15,600,18,800,806","01, 02, 15, 16, 18, 21",1,1,0,0,1,1,0,1,1,1,0,0,1,0,1,0
HTVX719,Hispanic/Latinx,5,YNYNYNNNNNNNNNYYNNNNY,Y,"100,116,117,300,376,000,000,000,000","01, 03, 05, 15, 16, 21",1,1,0,0,1,0,0,1,1,1,0,0,0,0,1,0
MBWD325,Hispanic/Latinx,5,YYNNYNNNNNNNNNNYNNNNN,Y,"100,111,117,119,300,000,000","01,02,05,16",0,1,0,0,1,0,0,0,0,1,0,0,0,0,0,0
IQXP928,Multiple Ethnicity,7,NNNNNNNNNNNNNYNYNNNNY,N,"200,14,300,368,700,712,713,800,804,806,809","14, 16, 21",0,1,1,0,0,0,1,1,0,1,1,0,0,1,1,0
IGUH486,Multiple Ethnicity,7,NNNNNNNNNNNNNNNYNNNNY,N,"300,368,700,713,800,000,000","16, 21",0,1,0,0,0,0,1,1,0,1,0,0,0,1,1,0
ZZCC218,Multiple Ethnicity,7,NNNNNNYNNNNNNNNYNNNNY,NA,NA,NA,0,1,1,0,0,0,0,1,0,1,1,0,0,0,1,0
HXJK464,Multiple Ethnicity,7,NNNNNNNNNNNNNNYYNNNNN,NA,NA,NA,1,1,0,0,0,0,0,0,1,1,0,0,0,0,0,0
GPNU746,Multiple Ethnicity,7,NNNNNNNNNNNNNNYYNYNNY,N,"300,418,500,15,600,18,800,806","15, 16, 18, 21",1,1,0,0,0,1,0,1,1,1,0,0,1,0,1,0
TIBP332,Hispanic/Latinx,5,NNNNNNNNNNNNNNNYNNNNY,N,"300,397,800,804,806","16, 21",0,1,0,0,1,0,0,1,0,1,0,0,0,0,1,0
XGJN955,Hispanic/Latinx,5,NNNNNNNNNNNNNNYYNNNNY,N,"300,500,501,502,503,000,000,000,000","15, 16, 21",1,1,0,0,1,0,0,1,1,1,0,0,0,0,1,0
JRTL272,Hispanic/Latinx,5,YYNNYNNNNNNNNNNYNNNNY,Y,"100,111,117,300,800","01,02,05,16,21",0,1,0,0,1,0,0,1,0,1,0,0,0,0,1,0
RIUV843,Multiple Ethnicity,7,NNNNNNNNNNNNNNNYNNNNY,N,"300,418,800,804,806,000","16, 21",0,1,0,0,0,0,0,1,0,1,0,0,0,0,1,0
UMKP816,Hispanic/Latinx,5,YYNNYNNNNNNNNNNYNNNNY,Y,"100,111,117,300,325,000,000","01, 02, 05, 16, 21",0,1,0,0,1,0,0,1,0,1,0,0,0,0,1,0
UJYL364,Hispanic/Latinx,5,YYNNNNNNNNNNNNNYNNNNN,Y,"100,111,300","01, 02, 16",0,1,0,0,1,0,0,0,0,1,0,0,0,0,0,0
DOCX945,Multiple Ethnicity,7,NNNNNNNNNNNNNNNYNNNNY,N,"300,325,800,804,806","16, 21",0,1,0,0,0,0,0,1,0,1,0,0,0,0,1,0
BVGM565,Am. Indian/Alaskan Native,2,NNNNNNNNNNNNNNNYNNNNN,N,"300,325",16,0,1,0,0,0,0,0,0,0,0,0,0,0,0,0,0
XGWO392,Am. Indian/Alaskan Native,2,NNNNNNNNNNNNNNNYNNNNN,N,"300,325",16,0,1,0,0,0,0,0,0,0,0,0,0,0,0,0,0
WYXK890,Multiple Ethnicity,7,NNNNNNNNNNNNNNNYNNNNY,N,"300,418,800,804,806","16,21",0,1,0,0,0,0,0,1,0,1,0,0,0,0,1,0
ISZR111,Multiple Ethnicity,7,NNNNNNNNNNNNNNNYNNNNY,N,"300,325,800,804","16, 21",0,1,0,0,0,0,0,1,0,1,0,0,0,0,1,0
DSNV510,Multiple Ethnicity,7,NNNNNNNNNNNNNNYYNNNNY,N,"300,419,500,15,800,806","15,16,21",1,1,0,0,0,0,0,1,1,1,0,0,0,0,1,0
IKQZ315,Hispanic/Latinx,5,YNNNYNNNNNNNNNNYNNNNY,Y,"100,119,300,325,800,000","01,05,16,21",0,1,0,0,1,0,0,1,0,1,0,0,0,0,1,0
QLRY910,Multiple Ethnicity,7,NNNNNNNNNNNNNNNYNNNNY,N,"300,325,800,804","16,21",0,1,0,0,0,0,0,1,0,1,0,0,0,0,1,0
EJVY922,Hispanic/Latinx,5,YNNNYNNNNNNNNNNYNNNNN,Y,"100,117,119,300,325,000","01,05,16",0,1,0,0,1,0,0,0,0,1,0,0,0,0,0,0
FAGI557,Hispanic/Latinx,5,YYNNNNNNNNNNNNNYNNNNN,Y,"100,111,300,325","01,02,16",0,1,0,0,1,0,0,0,0,1,0,0,0,0,0,0
AYFK352,Multiple Ethnicity,7,NNNNNNNNNNNNNNNYNNNNY,N,"300,325,418,800,804,000,000","16,21",0,1,0,0,0,0,0,1,0,1,0,0,0,0,1,0
OHRS180,Am. Indian/Alaskan Native,2,NNNNNNNNNNNNNNNYNNNNN,N,"300,418",16,0,1,0,0,0,0,0,0,0,0,0,0,0,0,0,0
QREG694,Multiple Ethnicity,7,NNNNNNYNNNNNNNNYNNNNY,N,"200,07,300,327,800,809","07,16,21",0,1,1,0,0,0,0,1,0,1,1,0,0,0,1,0
YCPS345,Am. Indian/Alaskan Native,2,NNNNNNNNNNNNNNNYNNNNN,N,"300,373",16,0,1,0,0,0,0,0,0,0,0,0,0,0,0,0,0
PXCY651,Hispanic/Latinx,5,YYNNYNNNNNNNNNNYNNNNY,Y,"100,111,117,300,418,000,000","01, 02, 05, 16, 21",0,1,0,0,1,0,0,1,0,1,0,0,0,0,1,0
EYGW170,Am. Indian/Alaskan Native,2,NNNNNNNNNNNNNNNYNNNNN,N,"300,416",16,0,1,0,0,0,0,0,0,0,0,0,0,0,0,0,0
BJBB466,Multiple Ethnicity,7,NNNNNNNNNNNNNNNYNNNNY,N,"300,800,809","16,21",0,1,0,0,0,0,0,1,0,1,0,0,0,0,1,0
VOPC425,Multiple Ethnicity,7,NNNNNNNNNNNNNNNYNNNNY,N,"300,800,806","16, 21",0,1,0,0,0,0,0,1,0,1,0,0,0,0,1,0
MEBE967,Am. Indian/Alaskan Native,2,NNNNNNNNNNNNNNNYNNNNN,N,"300,325",16,0,1,0,0,0,0,0,0,0,0,0,0,0,0,0,0
LEGH205,Hispanic/Latinx,5,YYNNYNNNNNNNNNNYNNNNN,Y,"100,111,117,300,304","01,02,05,16",0,1,0,0,1,0,0,0,0,1,0,0,0,0,0,0
QKMI643,Hispanic/Latinx,5,YYNNNNNNNNNNNNNYNNNNY,Y,"100,111,300,304,417,000,000,000,000,000,000","01,02,16,21",0,1,0,0,1,0,0,1,0,1,0,0,0,0,1,0
MINV467,Multiple Ethnicity,7,NNNNNNNNNNNNNNNYNYNNY,N,"300,325,600,18,800,805,806","16,18,21",0,1,0,0,0,1,0,1,0,1,0,0,1,0,1,0
LXPT988,Hispanic/Latinx,5,YYNNNNNNNNNNNNNYNNNNN,Y,"100,111,300,418","01, 02, 16",0,1,0,0,1,0,0,0,0,1,0,0,0,0,0,0
FDIB804,Multiple Ethnicity,7,NNNNNNNNNNNNNNNYNNNNY,N,"300,325,800,806","16, 21",0,1,0,0,0,0,0,1,0,1,0,0,0,0,1,0
XVTO481,Multiple Ethnicity,7,NNNNNNNNNNNNNNYYNNNNY,N,"300,500,800","15,16,21",1,1,0,0,0,0,0,1,1,1,0,0,0,0,1,0
CUCT388,Multiple Ethnicity,7,NNNNNNNNNNNNNNNYNNNNY,N,"300,319,396,800,809","16, 21",0,1,0,0,0,0,0,1,0,1,0,0,0,0,1,0
IXTY960,Multiple Ethnicity,7,NNNNNNNNNNNNNNYYNNNNN,N,"300,418,500,15","15,16",1,1,0,0,0,0,0,0,1,1,0,0,0,0,0,0
SNMH954,Multiple Ethnicity,7,NNNNNNNNNNNNNNNYNNNNY,N,"300,800","16,21",0,1,0,0,0,0,0,1,0,1,0,0,0,0,1,0
PCRG610,Multiple Ethnicity,7,NNNNNNNNNNNNNNNYNNNNY,N,"300,418,800,806","16,21",0,1,0,0,0,0,0,1,0,1,0,0,0,0,1,0
NRKU726,Hispanic/Latinx,5,YYNNNNNNNNNNNNYYNNNNY,Y,"100,111,300,500,15,800,804","01, 02, 15, 16, 21",1,1,0,0,1,0,0,1,1,1,0,0,0,0,1,0
WZWI387,Hispanic/Latinx,5,YYNNYNNNNNNNNNNYNNNNN,Y,"100,111,117,119,300,000","01,02,05,16",0,1,0,0,1,0,0,0,0,1,0,0,0,0,0,0
NHGU722,Am. Indian/Alaskan Native,2,NNNNNNNNNNNNNNNYNNNNN,N,"300,411,412,418",16,0,1,0,0,0,0,0,0,0,0,0,0,0,0,0,0
PJFM550,Am. Indian/Alaskan Native,2,NNNNNNNNNNNNNNNYNNNNN,N,"300,325",16,0,1,0,0,0,0,0,0,0,0,0,0,0,0,0,0
XZLP951,Am. Indian/Alaskan Native,2,NNNNNNNNNNNNNNNYNNNNN,N,"300,325",16,0,1,0,0,0,0,0,0,0,0,0,0,0,0,0,0
RGOE506,Hispanic/Latinx,5,YYNNNNNNNNNNNNNYNNNNN,Y,"100,111,300,418","01,02,16",0,1,0,0,1,0,0,0,0,1,0,0,0,0,0,0
PRZQ446,Hispanic/Latinx,5,YYNNYNNNNNNNNNNYNNNNY,Y,"100,111,117,119,300,000,000,000,000,000,000","01,02,05,16,21",0,1,0,0,1,0,0,1,0,1,0,0,0,0,1,0
VXXM192,Hispanic/Latinx,5,YYNNYNNNNNNNYNNYNNNNY,Y,"100,111,117,200,13,300,800,806","01,02,05,13,16,21",0,1,0,1,1,0,0,1,0,1,0,1,0,0,1,0
DPXI989,Am. Indian/Alaskan Native,2,NNNNNNNNNNNNNNNYNNNNN,N,"300,419",16,0,1,0,0,0,0,0,0,0,0,0,0,0,0,0,0
AOBU289,Multiple Ethnicity,7,NNNNNNNNNNNNNNNYNNNNY,NA,NA,NA,0,1,0,0,0,0,0,1,0,1,0,0,0,0,1,0
ZPJZ491,Multiple Ethnicity,7,NNNNNNNNNNNNNNNYNNNNY,N,"300,418,800","16,21",0,1,0,0,0,0,0,1,0,1,0,0,0,0,1,0
EOFU178,Multiple Ethnicity,7,NNNNNNNNNNNNNNNYNNNNY,N,"300,325,800","16,21",0,1,0,0,0,0,0,1,0,1,0,0,0,0,1,0
UIED740,Multiple Ethnicity,7,NNNNNNNNNNNNNNNYNNNNY,N,"300,376,800,809","16,21",0,1,0,0,0,0,0,1,0,1,0,0,0,0,1,0
KDIX848,Hispanic/Latinx,5,YYYNNNNNNNNNNNNYNNNNN,Y,"100,111,116,300,304","01,02,03,16",0,1,0,0,1,0,0,0,0,1,0,0,0,0,0,0
XRQQ692,Multiple Ethnicity,7,NNNNNNNNNNNNNNNYNNNNY,N,"300,418,800,806","16, 21",0,1,0,0,0,0,0,1,0,1,0,0,0,0,1,0
IYHC338,Hispanic/Latinx,5,YYNNYNNNNNNNNNNYNNNNY,Y,"100,111,117,300,418,000,000","01, 02, 05, 16, 21",0,1,0,0,1,0,0,1,0,1,0,0,0,0,1,0
ZZBI830,Hispanic/Latinx,5,YNNNYNNNNNNNNYNYNNNNY,Y,"100,119,200,14,300,418,800,806","01, 05, 14, 16, 21",0,1,1,0,1,0,0,1,0,1,1,0,0,0,1,0
ERWT735,Am. Indian/Alaskan Native,2,NNNNNNNNNNNNNNNYNNNNN,N,"300,418",16,0,1,0,0,0,0,0,0,0,0,0,0,0,0,0,0
WNCZ974,Hispanic/Latinx,5,YYNNNNNNNNNNNNNYNNNNY,Y,"100,111,300,418,800,000","01, 02, 16, 21",0,1,0,0,1,0,0,1,0,1,0,0,0,0,1,0
ASFL470,Multiple Ethnicity,7,NNNNNNNNNNNNNNNYNNNNY,N,"300,418,800,809","16, 21",0,1,0,0,0,0,0,1,0,1,0,0,0,0,1,0
IHQB725,Multiple Ethnicity,7,NNNNNNNNNNNNNNYYNNNNY,N,"300,418,500,15,800,804,809","15,16,21",1,1,0,0,0,0,0,1,1,1,0,0,0,0,1,0
GUFH490,Hispanic/Latinx,5,YYNNNNNNNNNNYNNYNNNNN,Y,"100,111,200,13,300,386","01,02,13,16",0,1,0,1,1,0,0,0,0,1,0,1,0,0,0,0
DAZL309,Multiple Ethnicity,7,NNNNNNNNNNNNNNNYNNNNY,N,"300,800,809","16, 21",0,1,0,0,0,0,0,1,0,1,0,0,0,0,1,0
YKSP861,Hispanic/Latinx,5,YYNNNNNNNNNNNNNYNNNNN,Y,"100,111,300","01,02,16",0,1,0,0,1,0,0,0,0,1,0,0,0,0,0,0
FJKR147,Hispanic/Latinx,5,YYNNNNNNNNNNYNNYNNNNY,Y,"100,111,200,13,300,325,418,800,806","01, 02, 13, 16, 21",0,1,0,1,1,0,0,1,0,1,0,1,0,0,1,0
GZYV800,Multiple Ethnicity,7,NNNNNNNNNNNNNNNYNNNNY,N,"300,325,800","16, 21",0,1,0,0,0,0,0,1,0,1,0,0,0,0,1,0
MPDJ686,Hispanic/Latinx,5,YYNNYNNYNNNNNNNYNNNNN,Y,"100,111,119,200,08,300,418","01, 02, 05, 08, 16",0,1,1,0,1,0,0,0,0,1,1,0,0,0,0,0
UIRO857,Hispanic/Latinx,5,YYNNNNNNNNNNNNNYNNNNY,Y,"100,111,300,304,325,000,000","01,02,16,21",0,1,0,0,1,0,0,1,0,1,0,0,0,0,1,0
VYXJ480,Hispanic/Latinx,5,YYNNNNNNNNNNNNNYNNNNN,Y,"100,111,300,395","01, 02, 16",0,1,0,0,1,0,0,0,0,1,0,0,0,0,0,0
HMZN799,Multiple Ethnicity,7,NNNNNNNNNNNNNNYYNNNNY,N,"300,325,500,15,510,800,809","15,16,21",1,1,0,0,0,0,0,1,1,1,0,0,0,0,1,0
FXXJ323,Hispanic/Latinx,5,YYNNNNNNNNNNNNNYNNNNY,Y,"100,111,300,800,806","01,02,16,21",0,1,0,0,1,0,0,1,0,1,0,0,0,0,1,0
VVPJ174,Multiple Ethnicity,7,NNNNNNNNNNNNNNYYNNNNN,N,"300,327,500,15","15, 16",1,1,0,0,0,0,0,0,1,1,0,0,0,0,0,0
KTPS868,Hispanic/Latinx,5,YYNNNNNNNNNNYNNYNNNNN,Y,"100,111,200,13,300,419","01, 02, 13, 16",0,1,0,1,1,0,0,0,0,1,0,1,0,0,0,0
QDCR832,Hispanic/Latinx,5,YYNNNNNNNNNNNNNYNNNNN,Y,"100,111,300,371","01, 02, 16",0,1,0,0,1,0,0,0,0,1,0,0,0,0,0,0
OZSE266,Hispanic/Latinx,5,YYNNYNNNNNNNNNNYNNNNY,Y,"100,111,117,300,317,000,000","01,02,05,16,21",0,1,0,0,1,0,0,1,0,1,0,0,0,0,1,0
OJIJ505,Multiple Ethnicity,7,NNNNNNNNNNNNNNNYNNNNY,N,"300,325,800,809","16, 21",0,1,0,0,0,0,0,1,0,1,0,0,0,0,1,0
WFSM864,Hispanic/Latinx,5,YYNNNNNNNNNNNNNYNNNNN,Y,"100,111,300,418","01, 02, 16",0,1,0,0,1,0,0,0,0,1,0,0,0,0,0,0
PPUR994,Multiple Ethnicity,7,NNNNNNNNNNNNNNNYNNNNY,N,"300,325,800,805,809","16, 21",0,1,0,0,0,0,0,1,0,1,0,0,0,0,1,0
XMSZ648,Hispanic/Latinx,5,YYNNYNNNNNNNNNNYNNNNY,Y,"100,111,117,300,325,000,000,000,000","01,02,05,16,21",0,1,0,0,1,0,0,1,0,1,0,0,0,0,1,0
NJOF603,Multiple Ethnicity,7,NNNNNNYNNNNNNNYYNNNNY,N,"200,07,300,397,500,503,800,804,806","07,15,16,21",1,1,1,0,0,0,0,1,1,1,1,0,0,0,1,0
IDME990,Hispanic/Latinx,5,YYNNYNNNNNNNNNNYNNNNY,Y,"100,111,117,300,418,000,000","01, 02, 05, 16, 21",0,1,0,0,1,0,0,1,0,1,0,0,0,0,1,0
XJEW238,Hispanic/Latinx,5,YYNNNNNNNNNNNNNYNNNNN,Y,"100,111,300,304","01, 02, 16",0,1,0,0,1,0,0,0,0,1,0,0,0,0,0,0
XNIT343,Multiple Ethnicity,7,NNNNNNNNNNNNNNNYNNNNY,N,"300,325,800,804,806","16, 21",0,1,0,0,0,0,0,1,0,1,0,0,0,0,1,0
BZQL472,Hispanic/Latinx,5,YNNNYNNYNNNNYNNYNNNNY,Y,"100,119,200,08,13,300,418,800,809","01,05,08,13,16,21",0,1,1,1,1,0,0,1,0,1,1,1,0,0,1,0
NERJ537,Hispanic/Latinx,5,YNNNYNNNNNNNNNNYNNNNY,Y,"100,119,300,418,800,000","01,05,16,21",0,1,0,0,1,0,0,1,0,1,0,0,0,0,1,0
RXDK802,Multiple Ethnicity,7,NNNNNNNNNNNNNNYYNNNNN,N,"300,325,500","15,16",1,1,0,0,0,0,0,0,1,1,0,0,0,0,0,0
WZLD509,Multiple Ethnicity,7,NNNNNNNNNNNNNNNYNNNNY,N,"300,319,800,804,806","16,21",0,1,0,0,0,0,0,1,0,1,0,0,0,0,1,0
PVSJ193,Hispanic/Latinx,5,YYNNNNNNNNNNNNNYNNNNN,Y,"100,111,300,418","01,02,16",0,1,0,0,1,0,0,0,0,1,0,0,0,0,0,0
KTBL884,Multiple Ethnicity,7,NNNNNNNNNNNNNNNYNNNNY,N,"300,325,800,802,804,000","16, 21",0,1,0,0,0,0,0,1,0,1,0,0,0,0,1,0
BTIN678,Multiple Ethnicity,7,NNNNNNNNNNNNNNNYNNNNY,N,"300,800","16, 21",0,1,0,0,0,0,0,1,0,1,0,0,0,0,1,0
ZAPM455,Multiple Ethnicity,7,NNNNNNNNNNNNNNNYNNNNY,N,"300,325,800,806","16, 21",0,1,0,0,0,0,0,1,0,1,0,0,0,0,1,0
NUSS241,Am. Indian/Alaskan Native,2,NNNNNNNNNNNNNNNYNNNNN,N,"300,418",16,0,1,0,0,0,0,0,0,0,0,0,0,0,0,0,0
KRQI419,Multiple Ethnicity,7,NNNNNNNNNNNNNNNYNNNNY,N,"300,418,800,804,805","16,21",0,1,0,0,0,0,0,1,0,1,0,0,0,0,1,0
MESV414,Multiple Ethnicity,7,NNNNNNNNNNNNNNNYNNNNY,N,"300,418,800,806","16, 21",0,1,0,0,0,0,0,1,0,1,0,0,0,0,1,0
EONO898,Multiple Ethnicity,7,NNNNNNNNNNNNNNNYNNNNY,N,"300,325,800,806","16, 21",0,1,0,0,0,0,0,1,0,1,0,0,0,0,1,0
YJOR970,Multiple Ethnicity,7,NNNNNNNNNNNNNNYYNNNNY,N,"300,325,500,15,503,800,801","15, 16, 21",1,1,0,0,0,0,0,1,1,1,0,0,0,0,1,0
WDKS891,Hispanic/Latinx,5,YNNNYNNNNNNNNNNYNNNNY,Y,"100,119,300,418,800","01, 05, 16, 21",0,1,0,0,1,0,0,1,0,1,0,0,0,0,1,0
RQEC939,Multiple Ethnicity,7,NNNNNNNNNNNNNNNYNNNNY,N,"300,418,700,705,800,000,000,000","16, 21",0,1,0,0,0,0,1,1,0,1,0,0,0,1,1,0
NVLB718,Multiple Ethnicity,7,NNNNNNNNNNNNNNNYNNNNY,N,"300,418,800,809","16, 21",0,1,0,0,0,0,0,1,0,1,0,0,0,0,1,0
JCVM416,Am. Indian/Alaskan Native,2,NNNNNNNNNNNNNNNYNNNNN,N,300,16,0,1,0,0,0,0,0,0,0,0,0,0,0,0,0,0
UHZP320,Multiple Ethnicity,7,NNNNNNNNNNNNNNNYNNNNY,N,"300,325,800,806","16, 21",0,1,0,0,0,0,0,1,0,1,0,0,0,0,1,0
QYFE739,Hispanic/Latinx,5,YYNNNNNNNNNNNNNYNNNNY,Y,"100,111,300,418,800,000","01, 02, 16, 21",0,1,0,0,1,0,0,1,0,1,0,0,0,0,1,0
KSFN488,Multiple Ethnicity,7,NNNNNNNNNNNNYNNYNNNNY,N,"200,13,300,325,800,809","13, 16, 21",0,1,0,1,0,0,0,1,0,1,0,1,0,0,1,0
BMVE502,Hispanic/Latinx,5,YYNNNNNNNNNNNNNYNNNNN,Y,"100,111,300,304","01,02,16",0,1,0,0,1,0,0,0,0,1,0,0,0,0,0,0
OTMM337,Multiple Ethnicity,7,NNNNNNNNNNNNNNNYNNNNY,N,"300,325,800,804,806","16,21",0,1,0,0,0,0,0,1,0,1,0,0,0,0,1,0
NMMH710,Hispanic/Latinx,5,YYNNYNNNNNNNNNNYNNNNY,Y,"100,111,117,300,325,000,000,000","01, 02, 05, 16, 21",0,1,0,0,1,0,0,1,0,1,0,0,0,0,1,0
NMEE902,Hispanic/Latinx,5,YYNNNNNNNNNNNNNYNNNNN,Y,"100,111,300,304","01,02,16",0,1,0,0,1,0,0,0,0,1,0,0,0,0,0,0
GLCU637,Multiple Ethnicity,7,NNNNNNNNNNNNNNNYNNNNY,N,"300,368,800,806,809","16,21",0,1,0,0,0,0,0,1,0,1,0,0,0,0,1,0
DXAC508,Hispanic/Latinx,5,YYNNNNNNNNNNNNNYNNNNY,Y,"100,111,300,325,800,000,000,000","01, 02, 16, 21",0,1,0,0,1,0,0,1,0,1,0,0,0,0,1,0
DKYP926,Hispanic/Latinx,5,YYNNYNNNNNNNNNNYNNNNY,Y,"100,111,119,300,800,000,000,000","01, 02, 05, 16, 21",0,1,0,0,1,0,0,1,0,1,0,0,0,0,1,0
MAYO148,Am. Indian/Alaskan Native,2,NNNNNNNNNNNNNNNYNNNNN,N,"300,353",16,0,1,0,0,0,0,0,0,0,0,0,0,0,0,0,0
LLMI251,Multiple Ethnicity,7,NNNNNNNNNNNNNNNYNNNNY,N,"300,325,800,806","16, 21",0,1,0,0,0,0,0,1,0,1,0,0,0,0,1,0
HVWF228,Multiple Ethnicity,7,NNNNNNNNNNNNNNNYNNNNY,N,"300,319,800,806","16, 21",0,1,0,0,0,0,0,1,0,1,0,0,0,0,1,0
GVOZ298,Multiple Ethnicity,7,XNNNNNNNNNNNNNYYNNNNY,NA,"300,418,500,503,800,000,000,000","15,16,21",1,1,0,0,0,0,0,1,1,1,0,0,0,0,1,0
IAGR750,Multiple Ethnicity,7,NNNNNNNNNNNNNNNYNNNNY,N,"300,419,800,809","16,21",0,1,0,0,0,0,0,1,0,1,0,0,0,0,1,0
OCPN645,Hispanic/Latinx,5,YYNNNNNNNNNNNNNYNNNNY,Y,"100,111,300,418,800,000","01,02,16,21",0,1,0,0,1,0,0,1,0,1,0,0,0,0,1,0
FCKL953,Multiple Ethnicity,7,NNNNNNNNNNNNNNNYNNNNY,N,"300,347,800,809","16, 21",0,1,0,0,0,0,0,1,0,1,0,0,0,0,1,0
AONI130,Am. Indian/Alaskan Native,2,NNNNNNNNNNNNNNNYNNNNN,N,"300,409",16,0,1,0,0,0,0,0,0,0,0,0,0,0,0,0,0
FNQK752,Hispanic/Latinx,5,YYNNNNNNNNNNNNNYNNNNY,Y,"100,111,300,800","01, 02, 16, 21",0,1,0,0,1,0,0,1,0,1,0,0,0,0,1,0
WBNS213,Am. Indian/Alaskan Native,2,NNNNNNNNNNNNNNNYNNNNN,N,"300,368",16,0,1,0,0,0,0,0,0,0,0,0,0,0,0,0,0
VJJR361,Hispanic/Latinx,5,YYNNNNNNNNNNNNNYNNNNN,Y,"100,111,300,304","01, 02, 16",0,1,0,0,1,0,0,0,0,1,0,0,0,0,0,0
IFWJ462,Multiple Ethnicity,7,NNNNNNNNNNNNNNNYNNNNY,N,"300,327,800,806","16,21",0,1,0,0,0,0,0,1,0,1,0,0,0,0,1,0
JYHW820,Hispanic/Latinx,5,YYNNYNNNNNNNNNNYNNNNY,Y,"100,111,117,300,368,000,000","01, 02, 05, 16, 21",0,1,0,0,1,0,0,1,0,1,0,0,0,0,1,0
ZRES318,Multiple Ethnicity,7,NNNNNNNYNNNNNNNYNNNNY,N,"200,08,300,325,800,809","08,16,21",0,1,1,0,0,0,0,1,0,1,1,0,0,0,1,0
BOFZ595,Am. Indian/Alaskan Native,2,NNNNNNNNNNNNNNNYNNNNN,N,"300,353",16,0,1,0,0,0,0,0,0,0,0,0,0,0,0,0,0
RTUV756,Hispanic/Latinx,5,YYNNNNNNNNNNNNYYNNNNY,Y,"100,111,300,500,15,800,806,809","01, 02, 15, 16, 21",1,1,0,0,1,0,0,1,1,1,0,0,0,0,1,0
GBNW299,Multiple Ethnicity,7,NNNNNNNNNNNNNNNYNNNNY,N,"300,800","16,21",0,1,0,0,0,0,0,1,0,1,0,0,0,0,1,0
ERYC659,Am. Indian/Alaskan Native,2,NNNNNNNNNNNNNNNYNNNNN,N,"300,418",16,0,1,0,0,0,0,0,0,0,0,0,0,0,0,0,0
JIZQ653,Hispanic/Latinx,5,YYNNNNNNNNNNNNNYNNNNN,Y,"100,111,300,304","01, 02, 16",0,1,0,0,1,0,0,0,0,1,0,0,0,0,0,0
ZSNW562,Hispanic/Latinx,5,YYNNYNNNNNNNNNNYNNNNN,Y,"100,111,117,300,304","01, 02, 05, 16",0,1,0,0,1,0,0,0,0,1,0,0,0,0,0,0
DUEE143,Multiple Ethnicity,7,NNNNNNNNNNNNNNNYNNNNY,N,"300,325,800,804","16,21",0,1,0,0,0,0,0,1,0,1,0,0,0,0,1,0
XBPV362,Multiple Ethnicity,7,NNNNNNNNNNNNNNYYNNNNY,N,"300,325,500,15,800","15,16,21",1,1,0,0,0,0,0,1,1,1,0,0,0,0,1,0
HSDL986,Hispanic/Latinx,5,YYNNNNNNNNNNNNNYNNNNN,Y,"100,111,300,418","01,02,16",0,1,0,0,1,0,0,0,0,1,0,0,0,0,0,0
BGHO389,Multiple Ethnicity,7,NNNNNNNNNNNNNNYYNNNNY,N,"300,325,500,15,800,804,806","15, 16, 21",1,1,0,0,0,0,0,1,1,1,0,0,0,0,1,0
TAID244,Multiple Ethnicity,7,NNNNNNYNNNNNYNNYNNNNN,N,"200,07,13,300,368","07,13,16",0,1,1,1,0,0,0,0,0,1,1,1,0,0,0,0
FZKE116,Hispanic/Latinx,5,YYNNNNNNNNNNNNNYNNNNN,Y,"100,111,300,418","01, 02, 16",0,1,0,0,1,0,0,0,0,1,0,0,0,0,0,0
JZWI418,Hispanic/Latinx,5,YNNNYNNNNNNNNNYYNNNNY,Y,"100,115,300,500,800","01, 05, 15, 16, 21",1,1,0,0,1,0,0,1,1,1,0,0,0,0,1,0
YRHS360,Multiple Ethnicity,7,NNNNNNNNNNNNNNNYNNNNY,N,"300,419,800","16,21",0,1,0,0,0,0,0,1,0,1,0,0,0,0,1,0
XMIV919,Hispanic/Latinx,5,YYNNYNNNNNNNNNNYNNNNN,Y,"100,111,115,300,418","01, 02, 05, 16",0,1,0,0,1,0,0,0,0,1,0,0,0,0,0,0
BSEU518,Am. Indian/Alaskan Native,2,NNNNNNNNNNNNNNNYNNNNN,N,300,16,0,1,0,0,0,0,0,0,0,0,0,0,0,0,0,0
DGLD245,Hispanic/Latinx,5,YNNNYNNNNNNNNNYYNNNNY,Y,"100,115,117,300,418,500,15,800,809","01, 05, 15, 16, 21",1,1,0,0,1,0,0,1,1,1,0,0,0,0,1,0
IKNO796,Multiple Ethnicity,7,NNNNNNNNNNNNNNNYNNNNY,N,"300,325,800","16, 21",0,1,0,0,0,0,0,1,0,1,0,0,0,0,1,0
OIOK179,Multiple Ethnicity,7,NNNNNNNNNNNNNNNYNNNNY,N,"300,325,800,809","16,21",0,1,0,0,0,0,0,1,0,1,0,0,0,0,1,0
LIYR781,Hispanic/Latinx,5,YYNNNNNNNNNNNNNYNNNNY,Y,"100,111,300,800","01,02,16,21",0,1,0,0,1,0,0,1,0,1,0,0,0,0,1,0
QSKS141,Multiple Ethnicity,7,NNNNNNNNNNNNNNNYNNNNY,N,"300,325,397,800,804,000","16, 21",0,1,0,0,0,0,0,1,0,1,0,0,0,0,1,0
IIQZ640,Multiple Ethnicity,7,NNNNNNNNNNNNNNNYNNNNY,N,"300,418,800,809","16, 21",0,1,0,0,0,0,0,1,0,1,0,0,0,0,1,0
PGEQ149,Hispanic/Latinx,5,YYNNYNYNNNNNYNNYNNNNY,Y,"100,111,117,200,07,13,300,800,809","01, 02, 05, 07, 13, 16, 21",0,1,1,1,1,0,0,1,0,1,1,1,0,0,1,0
TPXW578,Multiple Ethnicity,7,NNNNNNNNNNNNNNNYNNNNY,N,"300,418,800,804,806","16, 21",0,1,0,0,0,0,0,1,0,1,0,0,0,0,1,0
POUH283,Multiple Ethnicity,7,NNNNNNNNNNNNNNNYNNNNY,N,"300,325,800,806","16,21",0,1,0,0,0,0,0,1,0,1,0,0,0,0,1,0
ZJGK568,Multiple Ethnicity,7,NNNNNNNNNNNNNNNYNNNNY,N,"300,366,800,809","16,21",0,1,0,0,0,0,0,1,0,1,0,0,0,0,1,0
HACR268,Multiple Ethnicity,7,NNNNNNNNNNNNNNNYNNNNY,N,"300,325,800,809","16,21",0,1,0,0,0,0,0,1,0,1,0,0,0,0,1,0
KKNR536,Multiple Ethnicity,7,NNNNNNNNNNNNNNNYNNNNY,N,"300,325,800,804,806,000","16, 21",0,1,0,0,0,0,0,1,0,1,0,0,0,0,1,0
TYHS445,Am. Indian/Alaskan Native,2,NNNNNNNNNNNNNNNYNNNNN,N,"300,369",16,0,1,0,0,0,0,0,0,0,0,0,0,0,0,0,0
WDCB257,Multiple Ethnicity,7,NNNNNNNNNNNNNNNYNNNNY,N,"300,325,800,809","16,21",0,1,0,0,0,0,0,1,0,1,0,0,0,0,1,0
UYQT423,Hispanic/Latinx,5,YYNNNNNNNNNNNNNYNNNNY,Y,"100,111,300,325,418,000,000,000","01,02,16,21",0,1,0,0,1,0,0,1,0,1,0,0,0,0,1,0
GFPA942,Multiple Ethnicity,7,NNNNNNNNNNNNNNNYNNNNY,N,"300,386,800,804","16,21",0,1,0,0,0,0,0,1,0,1,0,0,0,0,1,0
VZDV328,Hispanic/Latinx,5,YYNNNNNNNNNNNNNYNNNNY,Y,"100,111,300,409,800,000","01, 02, 16, 21",0,1,0,0,1,0,0,1,0,1,0,0,0,0,1,0
TSCG367,Multiple Ethnicity,7,NNNNNNNNNNNNNNNYNNNNY,N,"300,325,800,806","16,21",0,1,0,0,0,0,0,1,0,1,0,0,0,0,1,0
RVNT319,Multiple Ethnicity,7,NNNNNNNNNNNNNNNYNNNNY,N,"300,800,809","16, 21",0,1,0,0,0,0,0,1,0,1,0,0,0,0,1,0
MPOT219,Am. Indian/Alaskan Native,2,NNNNNNNNNNNNNNNYNNNNN,N,"300,418",16,0,1,0,0,0,0,0,0,0,0,0,0,0,0,0,0
QRAN394,Hispanic/Latinx,5,YYNNYNYNNNNNYNYYNNNNY,Y,"100,111,117,119,200,07,13,300,500,15,503,505,506,600,800,806","01, 02, 05, 07, 13, 15, 16, 21",1,1,1,1,1,0,0,1,1,1,1,1,0,0,1,0
OQCD385,Hispanic/Latinx,5,YYNNYNNNNNNNNNNYNNNNY,Y,"100,111,117,300,325,000,000","01, 02, 05, 16, 21",0,1,0,0,1,0,0,1,0,1,0,0,0,0,1,0
LYIW621,Multiple Ethnicity,7,NNNNNNYNNNNNYNNYNNNNY,N,"200,07,13,300,325,800","07, 13, 16, 21",0,1,1,1,0,0,0,1,0,1,1,1,0,0,1,0
GYZJ619,Multiple Ethnicity,7,NNNNNNNNNNNNNNNYNNNNY,N,"300,418,800,804,805,000","16,21",0,1,0,0,0,0,0,1,0,1,0,0,0,0,1,0
YTPS453,Multiple Ethnicity,7,NNNNNNNNNNNNNNNYNNNNY,N,"300,418,800,809","16, 21",0,1,0,0,0,0,0,1,0,1,0,0,0,0,1,0
UUUG368,Multiple Ethnicity,7,NNNNNNNNNNNNNNNYNNNNY,N,"300,325,800","16,21",0,1,0,0,0,0,0,1,0,1,0,0,0,0,1,0
PEQL167,Multiple Ethnicity,7,NNNNNNNNNNNNNNNYNNNNY,N,"300,325,800,806","16, 21",0,1,0,0,0,0,0,1,0,1,0,0,0,0,1,0
NTXK834,Multiple Ethnicity,7,NNNNNNNNNNNNNNNYNNNNY,N,"300,418,800,806","16, 21",0,1,0,0,0,0,0,1,0,1,0,0,0,0,1,0
FZAE354,Am. Indian/Alaskan Native,2,NNNNNNNNNNNNNNNYNNNNN,N,"300,418",16,0,1,0,0,0,0,0,0,0,0,0,0,0,0,0,0
TVWG992,Multiple Ethnicity,7,NNNNNNNNNNNNNNNYNNNNY,N,"300,325,800,806","16, 21",0,1,0,0,0,0,0,1,0,1,0,0,0,0,1,0
CNRR166,Multiple Ethnicity,7,NNNNNNNNNNNNNNNYNNNNY,N,"300,325,800,806","16, 21",0,1,0,0,0,0,0,1,0,1,0,0,0,0,1,0
KRKM789,Multiple Ethnicity,7,NNNNNYNNNNNNNNNYNNNNY,N,"200,06,300,368,800,804,806","06,16,21",0,1,1,0,0,0,0,1,0,1,1,0,0,0,1,0
BILQ698,Multiple Ethnicity,7,NNNNNNNNNNNNNNNYNNNNY,N,"300,325,418,419,800","16, 21",0,1,0,0,0,0,0,1,0,1,0,0,0,0,1,0
LUOE342,Hispanic/Latinx,5,YNNYNNNNNNNNNNNYNNNNN,Y,"100,114,300,418","01, 04, 16",0,1,0,0,1,0,0,0,0,1,0,0,0,0,0,0
YPNS673,Hispanic/Latinx,5,YYNNYNNNNNNNNNNYNNNYY,Y,"100,111,115,119,300,304,600,20,800,809","01,02,05,16,20,21",0,1,0,0,1,1,0,1,0,1,0,0,1,0,1,0
GSBQ979,Multiple Ethnicity,7,NNNNNNNNNNNNNNYYNNNNN,N,"300,418,500,15","15, 16",1,1,0,0,0,0,0,0,1,1,0,0,0,0,0,0
DTYI168,Multiple Ethnicity,7,NNNNNNNNNNNNNNYYNNNNY,N,"300,374,500,15,800,806","15,16,21",1,1,0,0,0,0,0,1,1,1,0,0,0,0,1,0
QTWR468,Multiple Ethnicity,7,NNNNNNNNNNNNNNNYNNNNY,N,"300,325,418,800,806","16, 21",0,1,0,0,0,0,0,1,0,1,0,0,0,0,1,0
QVZS454,Multiple Ethnicity,7,NNNNNNNNNNNNNNNYNNNNY,N,"300,397,800,806","16, 21",0,1,0,0,0,0,0,1,0,1,0,0,0,0,1,0
HXWJ961,Hispanic/Latinx,5,YYNNYNNNNNNNNNNYNNNNY,Y,"100,111,117,300,418,000,000,000","01, 02, 05, 16, 21",0,1,0,0,1,0,0,1,0,1,0,0,0,0,1,0
TYSF383,Am. Indian/Alaskan Native,2,NNNNNNNNNNNNNNNYNNNNN,N,"300,418",16,0,1,0,0,0,0,0,0,0,0,0,0,0,0,0,0
RPPK198,Hispanic/Latinx,5,YYNNYNNNNNNNNNNYNNNNY,Y,"100,111,117,300,418,000,000,000,000","01, 02, 05, 16, 21",0,1,0,0,1,0,0,1,0,1,0,0,0,0,1,0
XXFR415,Multiple Ethnicity,7,NNNNNNNNNNNNNNNYNNNNY,N,"300,418,800,809","16,21",0,1,0,0,0,0,0,1,0,1,0,0,0,0,1,0
WASJ129,Multiple Ethnicity,7,NNNNNNNNNNNNNNNYNNNYY,N,"300,325,600,20,800,804,806,809","16, 20, 21",0,1,0,0,0,1,0,1,0,1,0,0,1,0,1,0
GXJY685,Hispanic/Latinx,5,YYNNNNNNNNNNNNNYNNNNN,Y,"100,111,300,418","01, 02, 16",0,1,0,0,1,0,0,0,0,1,0,0,0,0,0,0
YBMD249,Am. Indian/Alaskan Native,2,NNNNNNNNNNNNNNNYNNNNN,N,"300,418",16,0,1,0,0,0,0,0,0,0,0,0,0,0,0,0,0
BBYI107,Am. Indian/Alaskan Native,2,NNNNNNNNNNNNNNNYNNNNN,N,300,16,0,1,0,0,0,0,0,0,0,0,0,0,0,0,0,0
IBBH102,Multiple Ethnicity,7,NNNNNNNNNNNNNNNYNNNNY,N,"300,376,800,804,806","16, 21",0,1,0,0,0,0,0,1,0,1,0,0,0,0,1,0
XZTT305,Hispanic/Latinx,5,YYNNNNNNNNNNNNNYNNNNN,Y,"100,111,300","01, 02, 16",0,1,0,0,1,0,0,0,0,1,0,0,0,0,0,0
PFGM627,Multiple Ethnicity,7,NNNNNNNNNNNNNNYYNNNNN,N,"300,500","15, 16",1,1,0,0,0,0,0,0,1,1,0,0,0,0,0,0
MRKT396,Hispanic/Latinx,5,YYNNNNNNNNNNNNNYNNNNN,Y,"100,111,300,325","01,02,16",0,1,0,0,1,0,0,0,0,1,0,0,0,0,0,0
QCUO707,Multiple Ethnicity,7,NNNNNNNNNNNNNNNYNNNNY,N,"300,800,809","16,21",0,1,0,0,0,0,0,1,0,1,0,0,0,0,1,0
DPSO374,Multiple Ethnicity,7,NNNNNNNNNNNNNNNYNNNNY,N,"300,397,800,806","16,21",0,1,0,0,0,0,0,1,0,1,0,0,0,0,1,0
WPRE531,Am. Indian/Alaskan Native,2,NNNNNNNNNNNNNNNYNNNNN,N,"300,418",16,0,1,0,0,0,0,0,0,0,0,0,0,0,0,0,0
MGOK247,Multiple Ethnicity,7,NNNNNNNNNNNNNNYYNNNNY,N,"300,325,500,15,800,804","15, 16, 21",1,1,0,0,0,0,0,1,1,1,0,0,0,0,1,0
AMXU741,Am. Indian/Alaskan Native,2,NNNNNNNNNNNNNNNYNNNNN,N,"300,325",16,0,1,0,0,0,0,0,0,0,0,0,0,0,0,0,0
WZBJ769,Multiple Ethnicity,7,NNNNNNNNNNNNNNYYNNNNN,N,"300,418,500,15","15,16",1,1,0,0,0,0,0,0,1,1,0,0,0,0,0,0
BKAI311,Hispanic/Latinx,5,YYNNNNNNNNNNNNNYNNNNN,Y,"100,111,300,418","01,02,16",0,1,0,0,1,0,0,0,0,1,0,0,0,0,0,0
JMGF803,Multiple Ethnicity,7,NNNNNNNNNNNNNNNYNNNNY,N,"300,325,800,806","16, 21",0,1,0,0,0,0,0,1,0,1,0,0,0,0,1,0
YWLX397,Hispanic/Latinx,5,YYNNNNNNNNNNNNNYYNNNN,Y,"100,111,300,418,600,17","01, 02, 16, 17",0,1,0,0,1,1,0,0,0,1,0,0,1,0,0,0
NOZM253,Multiple Ethnicity,7,NNNNNNNNNNNNNNNYNNNNY,N,"300,418,800,809","16,21",0,1,0,0,0,0,0,1,0,1,0,0,0,0,1,0
CFPN334,Multiple Ethnicity,7,NNNNNNNNNNNNNNNYNNNNY,N,"300,325,800,804,806","16,21",0,1,0,0,0,0,0,1,0,1,0,0,0,0,1,0
XNHB963,Multiple Ethnicity,7,NNNNNNNNNNNNNNNYNNNNY,N,"300,325,418,800,804,000,000","16,21",0,1,0,0,0,0,0,1,0,1,0,0,0,0,1,0
BCZC845,Multiple Ethnicity,7,NNNNNNNNNNNNNYNYNNNNY,N,"200,205,300,325,800,000","14,16,21",0,1,1,0,0,0,0,1,0,1,1,0,0,0,1,0
NPNF555,Multiple Ethnicity,7,NNNNNNNNNNNNNNYYNNNNY,N,"300,325,500,15,800,804,809","15,16,21",1,1,0,0,0,0,0,1,1,1,0,0,0,0,1,0
FXQH983,Hispanic/Latinx,5,YNNYYNNNNNNNNNNYNNNNY,Y,"100,104,117,300,418,000,000","01, 04, 05, 16, 21",0,1,0,0,1,0,0,1,0,1,0,0,0,0,1,0
OATS128,Multiple Ethnicity,7,NNNNNNNNNNNNNNNYNNNNY,N,"300,418,800,804","16, 21",0,1,0,0,0,0,0,1,0,1,0,0,0,0,1,0
RGZO620,Hispanic/Latinx,5,YYNNNNNNNNNNNYNYNNNNN,Y,"100,111,200,209,300,000","01,02,14,16",0,1,1,0,1,0,0,0,0,1,1,0,0,0,0,0
ATWS478,Am. Indian/Alaskan Native,2,NNNNNNNNNNNNNNNYNNNNN,N,"300,325",16,0,1,0,0,0,0,0,0,0,0,0,0,0,0,0,0
ICVL347,Multiple Ethnicity,7,NNNNNNNNNNNNNNNYNNNNY,N,"300,325,327,418,419,000,000,000,000","16,21",0,1,0,0,0,0,1,1,0,1,0,0,0,1,1,0
WAXX150,Multiple Ethnicity,7,NNNNNNNNNNNNNNNYNNNNY,N,"300,325,800,809","16,21",0,1,0,0,0,0,0,1,0,1,0,0,0,0,1,0
SCIW274,Hispanic/Latinx,5,YYNNNNNNNNNNNNNYNNNNN,Y,"100,111,300,304","01,02,16",0,1,0,0,1,0,0,0,0,1,0,0,0,0,0,0
BDTM742,Am. Indian/Alaskan Native,2,NNNNNNNNNNNNNNNYNNNNN,N,"300,368",16,0,1,0,0,0,0,0,0,0,0,0,0,0,0,0,0
BCYJ635,Multiple Ethnicity,7,NNNNNNNNNNNNNNNYNNNNY,N,"300,418,800,804,805,000,000","16,21",0,1,0,0,0,0,0,1,0,1,0,0,0,0,1,0
GSNQ663,Hispanic/Latinx,5,YYNYYNNNNNNNNNNYNNNNY,Y,"100,104,107,111,115,000,000,000,000,000","01,02,04,05,16,21",0,1,0,0,1,0,0,1,0,1,0,0,0,0,1,0
DQQX851,Hispanic/Latinx,5,YYNNYNNNNNNNNNYYNNNNY,Y,"100,111,117,119,300,000,000,000","01,02,05,15,16,21",1,1,0,0,1,0,0,1,1,1,0,0,0,0,1,0
XSKP549,Hispanic/Latinx,5,YYNNNNNNNNNNNNNYNNNNY,Y,"100,111,300,800,809","01, 02, 16, 21",0,1,0,0,1,0,0,1,0,1,0,0,0,0,1,0
ARYO483,Hispanic/Latinx,5,YYNNNNNNNNNNNNNYNNNNY,Y,"100,111,300,418,800,000","01, 02, 16, 21",0,1,0,0,1,0,0,1,0,1,0,0,0,0,1,0
LTJP226,Hispanic/Latinx,5,YYNNNNNNNNNNNNNYNNNNY,Y,"100,111,300,325,800","01, 02, 16, 21",0,1,0,0,1,0,0,1,0,1,0,0,0,0,1,0
ZHEL451,Multiple Ethnicity,7,NNNNNNNNNNNNNNNYNNNNY,N,"300,325,800,809","16, 21",0,1,0,0,0,0,0,1,0,1,0,0,0,0,1,0
VGAK220,Multiple Ethnicity,7,NNNNNNNNNNNNNNNYNNNNY,N,"300,800","16,21",0,1,0,0,0,0,0,1,0,1,0,0,0,0,1,0
KNPN400,Multiple Ethnicity,7,NNNNNNNNNNNNNNNYNNNNY,N,"300,418,800,806","16, 21",0,1,0,0,0,0,0,1,0,1,0,0,0,0,1,0
BOKT477,Multiple Ethnicity,7,NNNNNNNNNNNNNNNYNNNNY,N,"300,325,418,700,705,000","16, 21",0,1,0,0,0,0,1,1,0,1,0,0,0,1,1,0
AKSZ405,Multiple Ethnicity,7,NNNNNNNNNNNNNNNYNNNNY,N,"300,418,800,806","16, 21",0,1,0,0,0,0,0,1,0,1,0,0,0,0,1,0
MKNT612,Hispanic/Latinx,5,YYNYNNNNNNNNNNNYNNNNN,Y,"100,111,114,300","01, 02, 04, 16",0,1,0,0,1,0,0,0,0,1,0,0,0,0,0,0
HQVM439,Am. Indian/Alaskan Native,2,NNNNNNNNNNNNNNNYNNNNN,N,"300,418",16,0,1,0,0,0,0,0,0,0,0,0,0,0,0,0,0
RCVP195,Multiple Ethnicity,7,NNNNNNNNNNNNNNNYNNNNY,N,"300,418,800,806","16,21",0,1,0,0,0,0,0,1,0,1,0,0,0,0,1,0
PZSO479,Multiple Ethnicity,7,NNNNNNNNNNNNYNNYNNNNY,N,"200,13,300,418,800,809","13,16,21",0,1,0,1,0,0,0,1,0,1,0,1,0,0,1,0
PHFS655,Hispanic/Latinx,5,YYNNNNNNNNNNNNNYNNNNN,Y,"100,111,300,397","01, 02, 16",0,1,0,0,1,0,0,0,0,1,0,0,0,0,0,0
LXXP157,Hispanic/Latinx,5,YYNNNNNNNNNNNNNYNNNNN,Y,"100,111,300,304,418","01,02,16",0,1,0,0,1,0,0,0,0,1,0,0,0,0,0,0
GEND585,Multiple Ethnicity,7,NNNNNNNNNNNNNNNYNNNNY,N,"300,418,800,809","16,21",0,1,0,0,0,0,0,1,0,1,0,0,0,0,1,0
BHPW398,Hispanic/Latinx,5,YYNNNNNYNNNNNNNYNYNNY,Y,"100,111,200,08,300,325,600,18,800,806","01, 02, 08, 16, 18, 21",0,1,1,0,1,1,0,1,0,1,1,0,1,0,1,0
JHPI190,Hispanic/Latinx,5,YYNNYNNNNNNNYNNYNNNNY,Y,"100,111,117,119,200,13,300,325,418,800,806,809","01,02,05,13,16,21",0,1,0,1,1,0,0,1,0,1,0,1,0,0,1,0
LYOK662,Hispanic/Latinx,5,YYNNNNNNNNNNNNNYNNNNN,Y,"100,111,300,368,418","01,02,16",0,1,0,0,1,0,0,0,0,1,0,0,0,0,0,0
IKBH535,Hispanic/Latinx,5,YNNNYNNNNNNNNNNYNNNNY,Y,"100,106,117,300,317,000,000,000,000","01,05,16,21",0,1,0,0,1,0,0,1,0,1,0,0,0,0,1,0
PHEF140,Multiple Ethnicity,7,NNNNNNNNNNNNNNNYNNNNY,N,"300,353,418,800","16,21",0,1,0,0,0,0,0,1,0,1,0,0,0,0,1,0
KQAB636,Multiple Ethnicity,7,NNNNNNNNNNNNNNYYNNNNY,N,"300,397,418,500,15,800","15, 16, 21",1,1,0,0,0,0,0,1,1,1,0,0,0,0,1,0
QWJF871,Hispanic/Latinx,5,YYNNNNNNNNNNNNYYNNNNN,Y,"100,111,300,418,500,15","01, 02, 15, 16",1,1,0,0,1,0,0,0,1,1,0,0,0,0,0,0
DDJB237,Hispanic/Latinx,5,YYNNNNNNNNNNNNNYNNNNY,Y,"100,111,300,304,800,000","01, 02, 16, 21",0,1,0,0,1,0,0,1,0,1,0,0,0,0,1,0
PPKH184,Multiple Ethnicity,7,NNNNNNNNNNNNNNNYNNNNY,N,"300,325,800,809","16, 21",0,1,0,0,0,0,0,1,0,1,0,0,0,0,1,0
ZAHJ638,Hispanic/Latinx,5,YYNNYNNNNNNNNNNYNNNNN,Y,"100,111,119,300,376","01,02,05,16",0,1,0,0,1,0,0,0,0,1,0,0,0,0,0,0
LWRD386,Hispanic/Latinx,5,YYNNYNNNNNNNNNNYNNNNN,Y,"100,111,115,300,418","01,02,05,16",0,1,0,0,1,0,0,0,0,1,0,0,0,0,0,0
KEHN768,Multiple Ethnicity,7,NNNNNNNNNNNNNNNYNNNNY,N,"300,418,800,804","16, 21",0,1,0,0,0,0,0,1,0,1,0,0,0,0,1,0
MBEL782,Multiple Ethnicity,7,NNNNNNNNNNNNNNYYNNNNY,N,"300,327,397,500,15,800,809","15, 16, 21",1,1,0,0,0,0,0,1,1,1,0,0,0,0,1,0
KFCE646,Multiple Ethnicity,7,NNNNNNNNNNNNNNNYNNNNY,N,"300,325,800,806","16,21",0,1,0,0,0,0,0,1,0,1,0,0,0,0,1,0
DTHE519,Hispanic/Latinx,5,YYNNNNNNNNNNNNYYNNNNN,Y,"100,111,300,418,500","01, 02, 15, 16",1,1,0,0,1,0,0,0,1,1,0,0,0,0,0,0
CZSV958,Multiple Ethnicity,7,XNNNNNNNNNNNNNYYNNNNN,NA,"300,386,500,15","15, 16",1,1,0,0,0,0,0,0,1,1,0,0,0,0,0,0
CSKU559,Multiple Ethnicity,7,NNNNNNNNNNNNNNNYNNNNY,N,"300,325,418,800,805,000","16, 21",0,1,0,0,0,0,0,1,0,1,0,0,0,0,1,0
KSEA124,Multiple Ethnicity,7,NNNNNNNNNNNNNNNYNNNNY,N,"300,800,806,807,809","16, 21",0,1,0,0,0,0,0,1,0,1,0,0,0,0,1,0
RJHY473,Hispanic/Latinx,5,YYNNYNNNNNNNNNNYNNNNY,Y,"100,111,117,300,325,000,000","01,02,05,16,21",0,1,0,0,1,0,0,1,0,1,0,0,0,0,1,0
OIZW688,Hispanic/Latinx,5,YYNNYNYNNNNNYYNYNNNYY,Y,"100,111,117,200,07,13,14,300,418,600,20,800,804,806,809","01, 02, 05, 07, 13, 14, 16, 20, 21",0,1,1,1,1,1,0,1,0,1,1,1,1,0,1,0
MQRL371,Multiple Ethnicity,7,NNNNNNNNNNNNNNNYNNNNY,N,"300,397,800,806","16,21",0,1,0,0,0,0,0,1,0,1,0,0,0,0,1,0
WBUU373,Multiple Ethnicity,7,NNNNNNNNNNNNNNNYNNNNY,N,"300,418,800,806","16, 21",0,1,0,0,0,0,0,1,0,1,0,0,0,0,1,0
HOIL956,Am. Indian/Alaskan Native,2,XNNNNNNNNNNNNNNYNNNNN,NA,"300,353",16,0,1,0,0,0,0,0,0,0,0,0,0,0,0,0,0
GEFT217,Multiple Ethnicity,7,NNNNNNNNNNNNNNNYNNNNY,N,"300,418,800,804,806","16, 21",0,1,0,0,0,0,0,1,0,1,0,0,0,0,1,0
IIBJ493,Hispanic/Latinx,5,YYNNYNNNNNNNNNNYNNNNY,Y,"100,111,117,300,304,000,000","01, 02, 05, 16, 21",0,1,0,0,1,0,0,1,0,1,0,0,0,0,1,0
VRBX674,Multiple Ethnicity,7,NNNNNNNNNNNNNNNYNNNNY,N,"300,325,800","16,21",0,1,0,0,0,0,0,1,0,1,0,0,0,0,1,0
ACPD370,Hispanic/Latinx,5,YYNNNNNNNNNNNNNYNNNNY,Y,"100,111,300,325,800","01, 02, 16, 21",0,1,0,0,1,0,0,1,0,1,0,0,0,0,1,0
UTIG797,Am. Indian/Alaskan Native,2,NNNNNNNNNNNNNNNYNNNNN,N,"300,325,418",16,0,1,0,0,0,0,0,0,0,0,0,0,0,0,0,0
ODMA601,Hispanic/Latinx,5,YYNNNNNNNNNNNNNYNNNNY,Y,"100,111,300,325,800,000","01,02,16,21",0,1,0,0,1,0,0,1,0,1,0,0,0,0,1,0
BVMS564,Am. Indian/Alaskan Native,2,NNNNNNNNNNNNNNNYNNNNN,N,"300,418",16,0,1,0,0,0,0,0,0,0,0,0,0,0,0,0,0
OWXZ903,Multiple Ethnicity,7,NNNNNNNNNNNNNNNYNNNNY,N,"300,325,800,801","16, 21",0,1,0,0,0,0,0,1,0,1,0,0,0,0,1,0
HWTJ938,Hispanic/Latinx,5,YYNNNNNNNNNNNNNYNNNNY,Y,"100,111,300,800","01,02,16,21",0,1,0,0,1,0,0,1,0,1,0,0,0,0,1,0
XZVI762,Multiple Ethnicity,7,NNNNNNNNNNNNNNYYNNYYN,N,"300,325,418,500,600,19,601","15,16,19,20",1,1,0,0,0,1,0,0,1,1,0,0,1,0,0,0
OBHT793,Hispanic/Latinx,5,YYNNYNNNNNNNNNNYNNNNY,Y,"100,111,117,300,304,000,000,000,000,000","01, 02, 05, 16, 21",0,1,0,0,1,0,0,1,0,1,0,0,0,0,1,0
UHSX815,Hispanic/Latinx,5,YYNNNNNNNNNNNNNYNNNNY,Y,"100,111,300,800,809","01,02,16,21",0,1,0,0,1,0,0,1,0,1,0,0,0,0,1,0
CTHQ463,Hispanic/Latinx,5,YYNNNNNNNNNNNNNYNNNNY,Y,"100,111,300,319,350,000,000,000","01,02,16,21",0,1,0,0,1,0,0,1,0,1,0,0,0,0,1,0
BOSD240,Multiple Ethnicity,7,NNNNNNNNNNNNNNYYNNNNY,N,"300,500,15,800","15, 16, 21",1,1,0,0,0,0,0,1,1,1,0,0,0,0,1,0
RXPQ230,Multiple Ethnicity,7,NNNNNNNNNNNNYNNYNNNNY,N,"200,13,300,418,800,809","13,16,21",0,1,0,1,0,0,0,1,0,1,0,1,0,0,1,0
LEGA449,Am. Indian/Alaskan Native,2,NNNNNNNNNNNNNNNYNNNNN,N,"300,337",16,0,1,0,0,0,0,0,0,0,0,0,0,0,0,0,0
NHNV701,Multiple Ethnicity,7,NNNNNNNNNNNNNNNYNNNNY,N,"300,325,800,804,806","16, 21",0,1,0,0,0,0,0,1,0,1,0,0,0,0,1,0
LOUH215,Multiple Ethnicity,7,NNNNNNNNYNNNNNNYNNNNY,N,"200,09,300,325,800,809","09,16,21",0,1,1,0,0,0,0,1,0,1,1,0,0,0,1,0
XYPQ949,Multiple Ethnicity,7,NNNNNNNNNNNNNNNYNNNNY,N,"300,325,800","16, 21",0,1,0,0,0,0,0,1,0,1,0,0,0,0,1,0
BELY714,Multiple Ethnicity,7,NNNNNNNNNNNNNNNYNNNNY,N,"300,325,800","16, 21",0,1,0,0,0,0,0,1,0,1,0,0,0,0,1,0
OEEP482,Multiple Ethnicity,7,NNNNNNNNNNNNNNYYNNNNY,N,"300,325,500,15,506,800,801,806,809","15, 16, 21",1,1,0,0,0,0,0,1,1,1,0,0,0,0,1,0
XJQK134,Hispanic/Latinx,5,YNYNNNNNNNNNNNNYNNNNN,Y,"100,109,300,418","01, 03, 16",0,1,0,0,1,0,0,0,0,1,0,0,0,0,0,0
QCKY896,Multiple Ethnicity,7,NNNNNNNNNNNYNNNYNNNNY,N,"200,12,300,418,800,806","12,16,21",0,1,1,0,0,0,0,1,0,1,1,0,0,0,1,0
CVXR730,Am. Indian/Alaskan Native,2,NNNNNNNNNNNNNNNYNNNNN,N,"300,418",16,0,1,0,0,0,0,0,0,0,0,0,0,0,0,0,0
LDGR818,Multiple Ethnicity,7,NNNNNNNNNNNNNNNYNNNNY,N,"300,325,800,806","16, 21",0,1,0,0,0,0,0,1,0,1,0,0,0,0,1,0
MSFJ877,Hispanic/Latinx,5,YNYNNNNNNNNNNNYYNNNNY,Y,"100,116,300,304,500,15,800,809","01,03,15,16,21",1,1,0,0,1,0,0,1,1,1,0,0,0,0,1,0
FALC972,Multiple Ethnicity,7,XNNNNNNNNNNNNNNYNNNNY,NA,"300,325,800,809","16,21",0,1,0,0,0,0,0,1,0,1,0,0,0,0,1,0
ZPHT126,Multiple Ethnicity,7,NNNNNNNNNNNNNNNYNNNNY,N,"300,416,800,806","16,21",0,1,0,0,0,0,0,1,0,1,0,0,0,0,1,0
PNUD913,Multiple Ethnicity,7,NNNNNNNNNNNNNNYYNNNNN,N,"300,419,500,15","15,16",1,1,0,0,0,0,0,0,1,1,0,0,0,0,0,0
WTES558,Multiple Ethnicity,7,NNNNNNNNNNNNNNNYNNNNY,N,"300,418,800,809","16,21",0,1,0,0,0,0,0,1,0,1,0,0,0,0,1,0
OKKC306,Am. Indian/Alaskan Native,2,NNNNNNNNNNNNNNNYNNNNN,N,"300,368",16,0,1,0,0,0,0,0,0,0,0,0,0,0,0,0,0
BADU882,Hispanic/Latinx,5,YYNNNNNNNNNNNNYYNNNNN,Y,"100,111,300,327,500,15","01,02,15,16",1,1,0,0,1,0,0,0,1,1,0,0,0,0,0,0
ADWH764,Hispanic/Latinx,5,YYNNYNNNNNNNNNNYYNNYN,Y,"100,111,117,300,418,600,17,20","01,02,05,16,17,20",0,1,0,0,1,1,0,0,0,1,0,0,1,0,0,0
HVXR794,Hispanic/Latinx,5,YYNNYNNNNNNNNNYYNNNNY,Y,"100,111,117,119,300,325,500,15,800,803,804,806,807,809","01,02,05,15,16,21",1,1,0,0,1,0,0,1,1,1,0,0,0,0,1,0
MYPM976,Hispanic/Latinx,5,YYNNNNNNNNNNNNYYNNNNY,Y,"100,111,300,391,500,15,800","01,02,15,16,21",1,1,0,0,1,0,0,1,1,1,0,0,0,0,1,0
BTXK282,Hispanic/Latinx,5,YNNNYNNNNNNNNNNYNNNNY,Y,"100,117,300,418,800,000","01,05,16,21",0,1,0,0,1,0,0,1,0,1,0,0,0,0,1,0
RMJN987,Multiple Ethnicity,7,NNNNNNNNNNNNNNNYNNNNY,N,"300,306,800,807,808","16,21",0,1,0,0,0,0,0,1,0,1,0,0,0,0,1,0
PYKE615,Hispanic/Latinx,5,YYNNYNNNNNNNNNNYNNNNY,Y,"100,111,117,300,418,000,000,000,000,000,000","01,02,05,16,21",0,1,0,0,1,0,1,1,0,1,0,0,0,1,1,0
BOLY777,Multiple Ethnicity,7,NNNNNNNNNNNNNNNYNNNNY,N,"300,304,800,809","16,21",0,1,0,0,0,0,0,1,0,1,0,0,0,0,1,0
IWRI440,Multiple Ethnicity,7,NNNNNNNNNNNNNNNYNNNNY,N,"300,800","16,21",0,1,0,0,0,0,0,1,0,1,0,0,0,0,1,0
LJWS831,Am. Indian/Alaskan Native,2,NNNNNNNNNNNNNNNYNNNNN,N,"300,353",16,0,1,0,0,0,0,0,0,0,0,0,0,0,0,0,0
CBBD574,Hispanic/Latinx,5,YNNNYNNNNNNNNNNYNNNNY,Y,"100,117,300,800,806","01,05,16,21",0,1,0,0,1,0,0,1,0,1,0,0,0,0,1,0
ZKRF609,Multiple Ethnicity,7,NNNNNNNNNNNNNNNYNNNNY,N,"300,418,800","16,21",0,1,0,0,0,0,0,1,0,1,0,0,0,0,1,0
ZYPP527,Hispanic/Latinx,5,YYNNYNNNNNNNNNNYNNNNY,Y,"100,111,119,300,304,000,000","01,02,05,16,21",0,1,0,0,1,0,0,1,0,1,0,0,0,0,1,0
QYTG384,Multiple Ethnicity,7,NNNNNNNNNNNNNNNYNNNNY,N,"300,418,800,809","16,21",0,1,0,0,0,0,0,1,0,1,0,0,0,0,1,0
AWHG239,Multiple Ethnicity,7,NNNNNNNNNNNNNNYYNNNNY,N,"300,500,15,509,510,800","15,16,21",1,1,0,0,0,0,0,1,1,1,0,0,0,0,1,0
BMCR255,Multiple Ethnicity,7,NNNNNNNNNNNNNNNYNNNNY,N,"300,397,700,707,800,000,000","16,21",0,1,0,0,0,0,1,1,0,1,0,0,0,1,1,0
CDQU901,Hispanic/Latinx,5,YNYNNNNNNNNNNNNYNNNNY,Y,"100,109,300,304,418,000,000","01,03,16,21",0,1,0,0,1,0,0,1,0,1,0,0,0,0,1,0
RIAW704,Am. Indian/Alaskan Native,2,NNNNNNNNNNNNNNNYNNNNN,N,300,16,0,1,0,0,0,0,0,0,0,0,0,0,0,0,0,0
KFFV330,Hispanic/Latinx,5,YYNYYNNNNNNNNNNYNNNNN,Y,"100,111,114,119,300,000","01,02,04,05,16",0,1,0,0,1,0,0,0,0,1,0,0,0,0,0,0
TWEW657,Multiple Ethnicity,7,NNNNNNNNNNNNNNNYNNNNY,N,"300,418,800,804,806,000","16,21",0,1,0,0,0,0,0,1,0,1,0,0,0,0,1,0
EVEO390,Am. Indian/Alaskan Native,2,NNNNNNNNNNNNNNNYNNNNN,N,300,16,0,1,0,0,0,0,0,0,0,0,0,0,0,0,0,0
XBZU476,Multiple Ethnicity,7,NNNNNNNNNNNNNNYYNNNNY,N,"300,500,15,800","15,16,21",1,1,0,0,0,0,0,1,1,1,0,0,0,0,1,0
DTOM745,Hispanic/Latinx,5,YYNNYNNNNNNNNNNYNNNNY,Y,"100,111,117,119,300,000,000,000,000,000","01,02,05,16,21",0,1,0,0,1,0,0,1,0,1,0,0,0,0,1,0
HVIC978,Multiple Ethnicity,7,NNNNNNNNNNNNNNNYNNNNY,N,"300,800,809","16,21",0,1,0,0,0,0,0,1,0,1,0,0,0,0,1,0
SAZQ936,Multiple Ethnicity,7,NNNNNNNNNNNNNNNYNNNNY,N,"300,800","16,21",0,1,0,0,0,0,0,1,0,1,0,0,0,0,1,0
ESHE101,Hispanic/Latinx,5,YYNNNNNNNNNNNNNYNNNNY,Y,"100,111,300,418,800,000","01,02,16,21",0,1,0,0,1,0,0,1,0,1,0,0,0,0,1,0
THIJ539,Hispanic/Latinx,5,YNYNYNNNNNNNNNNYNNNNY,Y,"100,105,112,117,300,000,000","01,03,05,16,21",0,1,0,0,1,0,0,1,0,1,0,0,0,0,1,0
ABZU280,Am. Indian/Alaskan Native,2,NNNNNNNNNNNNNNNYNNNNN,N,"300,304,418",16,0,1,0,0,0,0,0,0,0,0,0,0,0,0,0,0
AWTN176,Am. Indian/Alaskan Native,2,NNNNNNNNNNNNNNNYNNNNN,N,"300,311",16,0,1,0,0,0,0,0,0,0,0,0,0,0,0,0,0
QSTO151,Am. Indian/Alaskan Native,2,NNNNNNNNNNNNNNNYNNNNN,N,"300,366",16,0,1,0,0,0,0,0,0,0,0,0,0,0,0,0,0
SJMM611,Multiple Ethnicity,7,NNNNNNNNNNNNNNNYNNNNY,N,"300,353,800","16,21",0,1,0,0,0,0,0,1,0,1,0,0,0,0,1,0
AVBD656,Am. Indian/Alaskan Native,2,NNNNNNNNNNNNNNNYNNNNN,N,"300,409",16,0,1,0,0,0,0,0,0,0,0,0,0,0,0,0,0
ICIG778,Am. Indian/Alaskan Native,2,NNNNNNNNNNNNNNNYNNNNN,N,"300,366",16,0,1,0,0,0,0,0,0,0,0,0,0,0,0,0,0
UFBW146,Hispanic/Latinx,5,YYNNNNNNNNNNNNNYNNNNY,Y,"100,111,300,325,397,000,000,000","01,02,16,21",0,1,0,0,1,0,0,1,0,1,0,0,0,0,1,0
WJOZ846,Multiple Ethnicity,7,NNNNNNNNNNNNNNNYNNNNY,N,"300,325,800,809","16,21",0,1,0,0,0,0,0,1,0,1,0,0,0,0,1,0
XKOP591,Multiple Ethnicity,7,NNNNNNNNNNNNNNNYNNNNY,N,"300,325,800,809","16,21",0,1,0,0,0,0,0,1,0,1,0,0,0,0,1,0
RYWK805,Hispanic/Latinx,5,YYNNNNNNNNNNNNNYNNNNY,Y,"100,111,300,353,800,000","01,02,16,21",0,1,0,0,1,0,0,1,0,1,0,0,0,0,1,0
LEGP560,Hispanic/Latinx,5,YYNNYNNNNNNNNNNYNNNNN,Y,"100,111,117,300,304","01,02,05,16",0,1,0,0,1,0,0,0,0,1,0,0,0,0,0,0
BACE596,Multiple Ethnicity,7,NNNNNNNNNNNNNNNYNNNNY,N,"300,325,800,809","16,21",0,1,0,0,0,0,0,1,0,1,0,0,0,0,1,0
PRIZ700,Hispanic/Latinx,5,YNNNYNNNNNNNNNNYNNNNY,Y,"100,117,300,800,806","01,05,16,21",0,1,0,0,1,0,0,1,0,1,0,0,0,0,1,0
ICOH411,Multiple Ethnicity,7,NNNNNNYYNNNNYNNYNNNNY,N,"200,07,08,13,300,325,800","07,08,13,16,21",0,1,1,1,0,0,0,1,0,1,1,1,0,0,1,0
GVUQ676,Multiple Ethnicity,7,NNNNNNNNNNNNNNNYNNNNY,N,"300,800,804,806,809","16,21",0,1,0,0,0,0,0,1,0,1,0,0,0,0,1,0
SZDP791,Hispanic/Latinx,5,YYNNNNNNNNNNNNNYNNNNY,Y,"100,111,300,418,800,000","01,02,16,21",0,1,0,0,1,0,0,1,0,1,0,0,0,0,1,0
RZLI189,Multiple Ethnicity,7,NNNNNNNNNNNNNNNYNNNNY,N,"300,800","16,21",0,1,0,0,0,0,0,1,0,1,0,0,0,0,1,0
QTKP586,Multiple Ethnicity,7,NNNNNNNNNNNNNNNYNNNNY,N,"300,325,327,800,804,000,000","16,21",0,1,0,0,0,0,0,1,0,1,0,0,0,0,1,0
ICSR487,Multiple Ethnicity,7,NNNNNNNNNNNNNNNYNNNNY,N,"300,418,800","16,21",0,1,0,0,0,0,0,1,0,1,0,0,0,0,1,0
OBVT962,Multiple Ethnicity,7,NNNNNNNNNNNNNNYYNNNNY,N,"300,319,325,500,15,800,806,809","15,16,21",1,1,0,0,0,0,0,1,1,1,0,0,0,0,1,0
HTXS295,Hispanic/Latinx,5,YNNNYNNNNNNNNNNYNNNNY,Y,"100,115,300,325,397,000,000","01,05,16,21",0,1,0,0,1,0,0,1,0,1,0,0,0,0,1,0
UYEX204,Hispanic/Latinx,5,YYNNNNNNNNNNNNNYNNNNN,Y,"100,111,300,304","01,02,16",0,1,0,0,1,0,0,0,0,1,0,0,0,0,0,0
XSOH233,Multiple Ethnicity,7,NNNNNNNNNNNNNNNYNNNNY,N,"300,800,809","16,21",0,1,0,0,0,0,0,1,0,1,0,0,0,0,1,0
DDTG957,Am. Indian/Alaskan Native,2,NNNNNNNNNNNNNNNYNNNNN,N,"300,418",16,0,1,0,0,0,0,0,0,0,0,0,0,0,0,0,0
IGSK654,Multiple Ethnicity,7,NNNNNNNNNNNNNNNYNNNNY,N,"300,800","16,21",0,1,0,0,0,0,0,1,0,1,0,0,0,0,1,0
TKQN608,Hispanic/Latinx,5,YYNNNNNNNNNNNNNYNNNNN,Y,"100,111,300,304","01,02,16",0,1,0,0,1,0,0,0,0,1,0,0,0,0,0,0
RBNM376,Multiple Ethnicity,7,NNNNNNYNNNNNNNNYNNNNY,N,"200,07,300,397,418,800","07,16,21",0,1,1,0,0,0,0,1,0,1,1,0,0,0,1,0
BBIM824,Hispanic/Latinx,5,YYNNNNNNNNNNNNNYNNNNY,Y,"100,111,300,800,806","01,02,16,21",0,1,0,0,1,0,0,1,0,1,0,0,0,0,1,0
UUPT606,Multiple Ethnicity,7,NNNNNNNNNNNNNNNYNNNNY,N,"200,300,800","16,21",0,1,0,0,0,0,0,1,0,1,0,0,0,0,1,0
NRWH314,Hispanic/Latinx,5,YNNNYNNYNNNNNNNYNNNNY,Y,"100,117,200,08,300,325,800,806","01,05,08,16,21",0,1,1,0,1,0,0,1,0,1,1,0,0,0,1,0
KXWG613,Hispanic/Latinx,5,YYNNNNNNNNNNNNNYNNNNY,Y,"100,111,300,304,800,000","01,02,16,21",0,1,0,0,1,0,0,1,0,1,0,0,0,0,1,0
CODA211,Hispanic/Latinx,5,YYNNNNNNNNNNNNNYNNNNN,Y,"100,111,300,304","01,02,16",0,1,0,0,1,0,0,0,0,1,0,0,0,0,0,0
RUCR188,Am. Indian/Alaskan Native,2,NNNNNNNNNNNNNNNYNNNNN,N,"300,325",16,0,1,0,0,0,0,0,0,0,0,0,0,0,0,0,0
VXGV250,Hispanic/Latinx,5,YYNNNNYNNNNNNNNYNNNNY,Y,"100,111,200,07,300,304,800,804,806,809","01,02,07,16,21",0,1,1,0,1,0,0,1,0,1,1,0,0,0,1,0
OZTV577,Multiple Ethnicity,7,NNNNNNNNNNNNNNNYNNNNY,N,"300,418,800,806","16,21",0,1,0,0,0,0,0,1,0,1,0,0,0,0,1,0
IJGZ525,Hispanic/Latinx,5,YYNNNNNNNNNNNNNYNNNNN,Y,"100,111,300,418","01,02,16",0,1,0,0,1,0,0,0,0,1,0,0,0,0,0,0
CBHH349,Hispanic/Latinx,5,YYNNNNNNNNNNNNNYNNNNN,Y,"100,111,300,418","01,02,16",0,1,0,0,1,0,0,0,0,1,0,0,0,0,0,0
AGYN541,Am. Indian/Alaskan Native,2,NNNNNNNNNNNNNNNYNNNNN,N,"300,325",16,0,1,0,0,0,0,0,0,0,0,0,0,0,0,0,0
AQLN984,Multiple Ethnicity,7,NNNNNNNNNNNNNNNYNNNNY,N,"300,325,800","16,21",0,1,0,0,0,0,0,1,0,1,0,0,0,0,1,0
LARV641,Hispanic/Latinx,5,YYNNYNNNNNNNNNNYNNNNY,Y,"100,111,117,119,300,000,000,000,000,000","01,02,05,16,21",0,1,0,0,1,0,0,1,0,1,0,0,0,0,1,0
IFRC763,Multiple Ethnicity,7,NNNNNNNNNNNNNNNYNNNNY,N,"300,325,800,809","16,21",0,1,0,0,0,0,0,1,0,1,0,0,0,0,1,0
WGPV403,Hispanic/Latinx,5,YYNNNNNNNNNNNNNYNNNNY,Y,"100,111,300,800,806","01,02,16,21",0,1,0,0,1,0,0,1,0,1,0,0,0,0,1,0
HDRJ187,Hispanic/Latinx,5,YYNNNNNNNNNNNNNYNNNNN,Y,"100,111,300,311,376,000,000","01,02,16",0,1,0,0,1,0,0,0,0,1,0,0,0,0,0,0
OPXA847,Multiple Ethnicity,7,NNNNNYNNNNNNNNNYNNNNN,N,"200,203,300,325","06,16",0,1,1,0,0,0,0,0,0,1,1,0,0,0,0,0
ZXCJ321,Hispanic/Latinx,5,YYNNNNNNNNNNNNNYNNNNN,Y,"100,111,300,304","01,02,16",0,1,0,0,1,0,0,0,0,1,0,0,0,0,0,0
WNFM886,Hispanic/Latinx,5,YYNNNNNNNNNNNNNYNNNNN,Y,"100,111,300,366","01,02,16",0,1,0,0,1,0,0,0,0,1,0,0,0,0,0,0
GXIZ125,Hispanic/Latinx,5,YYNNNNNNNNNNNNNYNNYNY,Y,"100,111,300,325,600,000,000,000","01,02,16,19,21",0,1,0,0,1,1,0,1,0,1,0,0,1,0,1,0
EZDL340,Multiple Ethnicity,7,NNNNNNNNNNNNNNNYNNNNY,N,"300,418,800,806,807","16,21",0,1,0,0,0,0,0,1,0,1,0,0,0,0,1,0
FMSL853,Hispanic/Latinx,5,YNNNYNNNNNNNNNNYNNNNN,Y,"100,117,300,325","01,05,16",0,1,0,0,1,0,0,0,0,1,0,0,0,0,0,0
MQOJ302,Multiple Ethnicity,7,NNNNNNNNNNNNNNNYNNNNY,N,"300,800","16,21",0,1,0,0,0,0,0,1,0,1,0,0,0,0,1,0
KDVG667,Multiple Ethnicity,7,NNNNNNNNNNNNNNNYNNNNY,N,"300,800,809","16,21",0,1,0,0,0,0,0,1,0,1,0,0,0,0,1,0
ZEHH437,Hispanic/Latinx,5,YYYNYNNNNNNNNNNYNNNNN,Y,"100,111,113,115,300,000","01,02,03,05,16",0,1,0,0,1,0,0,0,0,1,0,0,0,0,0,0
MUSX817,Multiple Ethnicity,7,NNNNNNNNNNNNYNNYNNNNN,N,"200,13,300,418","13,16",0,1,0,1,0,0,0,0,0,1,0,1,0,0,0,0
LKSB165,Hispanic/Latinx,5,YYNNYNNNNNNNNNNYNNNNY,Y,"100,111,117,300,418,000,000","01,02,05,16,21",0,1,0,0,1,0,0,1,0,1,0,0,0,0,1,0
FQTR526,Am. Indian/Alaskan Native,2,NNNNNNNNNNNNNNNYNNNNN,N,"300,325",16,0,1,0,0,0,0,0,0,0,0,0,0,0,0,0,0
SBSO279,Multiple Ethnicity,7,NNNNNNNNNNNNNNNYNNNNY,N,"300,800,809","16,21",0,1,0,0,0,0,0,1,0,1,0,0,0,0,1,0
UPXT819,Multiple Ethnicity,7,NNNNNNNNNNNNNNNYNNNNY,N,"300,418,800,806","16,21",0,1,0,0,0,0,0,1,0,1,0,0,0,0,1,0
ORCP766,Multiple Ethnicity,7,NNNNNNNNNNNNNNNYNNNNY,N,"300,325,800","16,21",0,1,0,0,0,0,0,1,0,1,0,0,0,0,1,0
AYGF227,Hispanic/Latinx,5,YYNNNNNNNNNNNNNYNNNNN,Y,"100,111,300,325","01,02,16",0,1,0,0,1,0,0,0,0,1,0,0,0,0,0,0
EAUR869,Multiple Ethnicity,7,NNNNNNNNNNNNNNNYNNNNY,N,"300,418,800,809","16,21",0,1,0,0,0,0,0,1,0,1,0,0,0,0,1,0
RCHK907,Am. Indian/Alaskan Native,2,NNNNNNNNNNNNNNNYNNNNN,N,"300,418",16,0,1,0,0,0,0,0,0,0,0,0,0,0,0,0,0
SNPV516,Multiple Ethnicity,7,NNNNNNNNYNNNNNNYNNNNY,N,"200,09,300,418,800,806","09,16,21",0,1,1,0,0,0,0,1,0,1,1,0,0,0,1,0
IJAS626,Multiple Ethnicity,7,NNNNNNNNNNNNNNNYNNNNY,N,"300,800","16,21",0,1,0,0,0,0,0,1,0,1,0,0,0,0,1,0
KCIM144,Hispanic/Latinx,5,YYNNNNNNNNNNNNNYNNNNN,Y,"100,111,300,304","01,02,16",0,1,0,0,1,0,0,0,0,1,0,0,0,0,0,0
GYYN461,Hispanic/Latinx,5,YYNNNNNNNNNNNNNYNNNNY,Y,"100,111,300,418,700,000,000","01,02,16,21",0,1,0,0,1,0,1,1,0,1,0,0,0,1,1,0
PBWX194,Hispanic/Latinx,5,YYNNNNNNNNNNNNNYNNNNN,Y,"100,111,300,325","01,02,16",0,1,0,0,1,0,0,0,0,1,0,0,0,0,0,0
QLPE457,Multiple Ethnicity,7,NNNNNNNNNNNNNNNYNNNNY,N,"300,800","16,21",0,1,0,0,0,0,0,1,0,1,0,0,0,0,1,0
VGLH288,Hispanic/Latinx,5,YNNYNNNNNNNNNNNYNNNNN,Y,"100,114,300,418","01,04,16",0,1,0,0,1,0,0,0,0,1,0,0,0,0,0,0
ABQP104,Hispanic/Latinx,5,YNNNYNNNNNNNNNNYNNNNN,Y,"100,117,119,300,326,000,000","01,05,16",0,1,0,0,1,0,0,0,0,1,0,0,0,0,0,0
YTIL336,Hispanic/Latinx,5,YYNNNNNNNNNNNNNYNNNNN,Y,"100,111,300,418","01,02,16",0,1,0,0,1,0,0,0,0,1,0,0,0,0,0,0
HHGJ357,Hispanic/Latinx,5,YYNNYNNNNNNNNNNYNNNNY,Y,"100,111,117,119,300,000,000,000,000,000","01,02,05,16,21",0,1,0,0,1,0,0,1,0,1,0,0,0,0,1,0
DPQS680,Am. Indian/Alaskan Native,2,NNNNNNNNNNNNNNNYNNNNN,N,"300,325",16,0,1,0,0,0,0,0,0,0,0,0,0,0,0,0,0
SFIO533,Multiple Ethnicity,7,NNNNNNNNNNNNNNYYNNNYY,N,"300,412,500,15,600,20,800,806","15,16,20,21",1,1,0,0,0,1,0,1,1,1,0,0,1,0,1,0
QDDS429,Hispanic/Latinx,5,YYNNYNNNNNNNNNNYNNNNN,Y,"100,111,117,300,325","01,02,05,16",0,1,0,0,1,0,0,0,0,1,0,0,0,0,0,0
FOQL998,White,9,NNNNNNNNNNNNNNNYNNNNY,N,"300,325,800,804,806","16,21",0,1,0,0,0,0,0,1,0,0,0,0,0,0,0,0
VTVU202,Multiple Ethnicity,7,NNNNNNNNNNNNNNYYNNNNN,N,"300,325,419,500,15","15,16",1,1,0,0,0,0,0,0,1,1,0,0,0,0,0,0
SYSG858,Multiple Ethnicity,7,NNNNNNNNNNNNNNNYNNNNY,N,"300,325,800,806","16,21",0,1,0,0,0,0,0,1,0,1,0,0,0,0,1,0
IRWO733,Hispanic/Latinx,5,YYNNNNNNNNNNNNNYNNNNN,Y,"100,111,300,304","01,02,16",0,1,0,0,1,0,0,0,0,1,0,0,0,0,0,0
HSRQ356,Am. Indian/Alaskan Native,2,NNNNNNNNNNNNNNNYNNNNN,N,300,16,0,1,0,0,0,0,0,0,0,0,0,0,0,0,0,0
MXBD186,Multiple Ethnicity,7,NNNNNNNNNNNNNNNYNNNNY,N,"300,418,800,809","16,21",0,1,0,0,0,0,0,1,0,1,0,0,0,0,1,0
RQPF981,Hispanic/Latinx,5,YYNNNYNNNNNNYYNYNNNNN,Y,"100,111,200,06,13,14,300","01,02,06,13,14,16",0,1,1,1,1,0,0,0,0,1,1,1,0,0,0,0
AHGO628,Am. Indian/Alaskan Native,2,NNNNNNNNNNNNNNNYNNNNN,N,"300,325",16,0,1,0,0,0,0,0,0,0,0,0,0,0,0,0,0
VFYA435,Hispanic/Latinx,5,YNNNYNNNNNNNNNYYNNNNN,Y,"100,117,300,325,368,418,500,15","01,05,15,16",1,1,0,0,1,0,0,0,1,1,0,0,0,0,0,0
RCFL127,Hispanic/Latinx,5,YYNNNNNNNNNNNNNYNNNNN,Y,"100,111,300,304","01,02,16",0,1,0,0,1,0,0,0,0,1,0,0,0,0,0,0
ZOLS826,Multiple Ethnicity,7,NNNNNNNNNNNNNNNYNNNNY,N,"300,418,800,809","16,21",0,1,0,0,0,0,0,1,0,1,0,0,0,0,1,0
IUTN290,Hispanic/Latinx,5,YYNNNNNNNNNNNNNYNNNNN,Y,"100,111,300,304","01,02,16",0,1,0,0,1,0,0,0,0,1,0,0,0,0,0,0
CEXP530,Multiple Ethnicity,7,NNNNNNNNNNNNNNNYNNNNY,N,"300,325,800,804,806","16,21",0,1,0,0,0,0,0,1,0,1,0,0,0,0,1,0
YSFT947,Multiple Ethnicity,7,NNNNNNNYNNNNNNNYNNNNY,N,"200,08,300,325,800,806","08,16,21",0,1,1,0,0,0,0,1,0,1,1,0,0,0,1,0
AHFK702,Multiple Ethnicity,7,NNNNNNNNNNNYNNNYNNNNN,N,"200,12,300","12,16",0,1,1,0,0,0,0,0,0,1,1,0,0,0,0,0
CNSC395,Hispanic/Latinx,5,YYNNNNNNNNNNNNNYNNNNY,Y,"100,111,300,800,806","01,02,16,21",0,1,0,0,1,0,0,1,0,1,0,0,0,0,1,0
INES460,Multiple Ethnicity,7,NNNNNNNNNNNNNNYYNNNNN,N,"300,325,500,15","15,16",1,1,0,0,0,0,0,0,1,1,0,0,0,0,0,0
IHRL469,Am. Indian/Alaskan Native,2,NNNNNNNNNNNNNNNYNNNNN,N,"300,418",16,0,1,0,0,0,0,0,0,0,0,0,0,0,0,0,0
NTKQ529,Hispanic/Latinx,5,YYNNNNNNNNNNNNNYNNNNN,Y,"100,111,300,304","01,02,16",0,1,0,0,1,0,0,0,0,1,0,0,0,0,0,0
PUGJ786,Multiple Ethnicity,7,NNNNNNNNNNNNNNYYNNNNY,N,"300,500,503,800,809","15,16,21",1,1,0,0,0,0,0,1,1,1,0,0,0,0,1,0
ROLF262,Multiple Ethnicity,7,NNNNNNNNNNNNNNNYNNNNY,N,"300,800","16,21",0,1,0,0,0,0,0,1,0,1,0,0,0,0,1,0
GNSH432,Hispanic/Latinx,5,YYNNNNNNNNNNNNNYNNNNN,Y,"100,111,300,325","01,02,16",0,1,0,0,1,0,0,0,0,1,0,0,0,0,0,0
VGVN720,Am. Indian/Alaskan Native,2,NNNNNNNNNNNNNNNYNNNNN,N,"300,418",16,0,1,0,0,0,0,0,0,0,0,0,0,0,0,0,0
APWP977,Multiple Ethnicity,7,NNNNNNNNNNNNNNNYNNNNY,N,"300,800,804,806,809","16,21",0,1,0,0,0,0,0,1,0,1,0,0,0,0,1,0
QKLI668,Hispanic/Latinx,5,YYNNNNNNNNNNNNNYNNNNN,Y,"100,111,300,418","01,02,16",0,1,0,0,1,0,0,0,0,1,0,0,0,0,0,0
SKLR201,Hispanic/Latinx,5,YYNNYNNNNNNNNNNYNNNNN,Y,"100,111,117,300,368","01,02,05,16",0,1,0,0,1,0,0,0,0,1,0,0,0,0,0,0
OWDI297,Hispanic/Latinx,5,YYNNNNNNNNNNNNNYNNNNN,Y,"100,111,300,418","01,02,16",0,1,0,0,1,0,0,0,0,1,0,0,0,0,0,0
CAPX269,Hispanic/Latinx,5,YNYNNNNNNNNNNNNYNNNNN,Y,"100,109,300,418","01,03,16",0,1,0,0,1,0,0,0,0,1,0,0,0,0,0,0
PXLC183,Multiple Ethnicity,7,NNNNNNNNNNNNNNNYNNNNY,N,"300,419,800","16,21",0,1,0,0,0,0,0,1,0,1,0,0,0,0,1,0
QWDB593,Am. Indian/Alaskan Native,2,NNNNNNNNNNNNNNNYNNNNN,N,"300,325",16,0,1,0,0,0,0,0,0,0,0,0,0,0,0,0,0
QIIO378,Hispanic/Latinx,5,YYNNNNNNNNNNNNNYNNNNY,Y,"100,111,300,418,800,000","01,02,16,21",0,1,0,0,1,0,0,1,0,1,0,0,0,0,1,0
JDNZ424,Multiple Ethnicity,7,NNNNNNNNNNNNNNNYNNNNY,N,"300,325,397,800,806","16,21",0,1,0,0,0,0,0,1,0,1,0,0,0,0,1,0
MKME697,Multiple Ethnicity,7,NNNNNNNNNNNNNNNYNNNNY,N,"300,325,800,804","16,21",0,1,0,0,0,0,0,1,0,1,0,0,0,0,1,0
SGPP380,Hispanic/Latinx,5,YNNNYNNNNNNNNNYYNNNNY,Y,"100,117,300,397,500,15,800,806","01,05,15,16,21",1,1,0,0,1,0,0,1,1,1,0,0,0,0,1,0
HVHF171,Hispanic/Latinx,5,YYNNYNNNNNNNNNNYNNNNY,Y,"100,111,115,300,304,000","01,02,05,16,21",0,1,0,0,1,0,0,1,0,1,0,0,0,0,1,0
BKXN324,Am. Indian/Alaskan Native,2,NNNNNNNNNNNNNNNYNNNNN,N,"300,409",16,0,1,0,0,0,0,0,0,0,0,0,0,0,0,0,0
HBRA312,Hispanic/Latinx,5,YYNNNNNNNNNNNNNYNNNNN,Y,"100,111,300,304","01,02,16",0,1,0,0,1,0,0,0,0,1,0,0,0,0,0,0
ZUTY732,Multiple Ethnicity,7,NNNNNNNNNNNNNNNYNNNNY,N,"300,325,418,800","16,21",0,1,0,0,0,0,0,1,0,1,0,0,0,0,1,0
RAUK465,Am. Indian/Alaskan Native,2,NNNNNNNNNNNNNNNYNNNNN,N,300,16,0,1,0,0,0,0,0,0,0,0,0,0,0,0,0,0
CHZY814,Multiple Ethnicity,7,NNNNNNNNNNNNNNNYNNNNY,N,"300,418,800,809","16,21",0,1,0,0,0,0,0,1,0,1,0,0,0,0,1,0
AYPX838,Hispanic/Latinx,5,YYNNNNNNNNNNNNNYNNNNN,Y,"100,111,300,304","01,02,16",0,1,0,0,1,0,0,0,0,1,0,0,0,0,0,0
ASLE119,Multiple Ethnicity,7,NNNNNNNNNNNNNNNYNNNNY,N,"300,325,800,806","16,21",0,1,0,0,0,0,0,1,0,1,0,0,0,0,1,0
VSKR672,Hispanic/Latinx,5,YYNNNNNNNNNNYNNYNNNNN,Y,"100,111,200,13,300,368","01,02,13,16",0,1,0,1,1,0,0,0,0,1,0,1,0,0,0,0
BLCS431,Am. Indian/Alaskan Native,2,NNNNNNNNNNNNNNNYNNNNN,N,"300,321",16,0,1,0,0,0,0,0,0,0,0,0,0,0,0,0,0
BGEO404,Am. Indian/Alaskan Native,2,NNNNNNNNNNNNNNNYNNNNN,N,"300,315",16,0,1,0,0,0,0,0,0,0,0,0,0,0,0,0,0
MTZQ221,Multiple Ethnicity,7,NNNNNNNNNNNNNNNYNNNNY,N,"300,418,800","16,21",0,1,0,0,0,0,0,1,0,1,0,0,0,0,1,0
XXWX271,Hispanic/Latinx,5,YNNNYNNNNNNNNNNYNNNNN,Y,"100,119,300,418","01,05,16",0,1,0,0,1,0,0,0,0,1,0,0,0,0,0,0
WKRB135,Multiple Ethnicity,7,NNNNNNNYNNNNNNNYNNNNY,N,"200,08,300,700,709,800,806,809","08,16,21",0,1,1,0,0,0,1,1,0,1,1,0,0,1,1,0
EFMY569,Am. Indian/Alaskan Native,2,NNNNNNNNNNNNNNNYNNNNN,N,"300,316",16,0,1,0,0,0,0,0,0,0,0,0,0,0,0,0,0
BNMQ629,Hispanic/Latinx,5,YYNNNNNNNNNNNNNYNNNNN,Y,"100,111,300,310,368","01,02,16",0,1,0,0,1,0,0,0,0,1,0,0,0,0,0,0
JYYE206,Multiple Ethnicity,7,NNNNNNNNNNNNNNYYNNNNN,N,"300,327,500,15","15,16",1,1,0,0,0,0,0,0,1,1,0,0,0,0,0,0
GRCM313,Am. Indian/Alaskan Native,2,NNNNNNNNNNNNNNNYNNNNN,N,"300,418",16,0,1,0,0,0,0,0,0,0,0,0,0,0,0,0,0
EPBS940,Am. Indian/Alaskan Native,2,NNNNNNNNNNNNNNNYNNNNN,N,"300,307",16,0,1,0,0,0,0,0,0,0,0,0,0,0,0,0,0
NOMW100,Hispanic/Latinx,5,YYNNNNNNNNNNNNNYNNNNY,Y,"100,111,300,800,809","01,02,16,21",0,1,0,0,1,0,0,1,0,1,0,0,0,0,1,0
OUXF808,Hispanic/Latinx,5,YNNNYNNNNNNNNNYYNNNNY,Y,"100,115,300,418,500,000,000,000","01,05,15,16,21",1,1,0,0,1,0,0,1,1,1,0,0,0,0,1,0
OXBI878,Multiple Ethnicity,7,NNNNNNNNNNNNNNYYNNNNY,N,"300,418,500,15,800,809","15,16,21",1,1,0,0,0,0,0,1,1,1,0,0,0,0,1,0
JLMW196,Hispanic/Latinx,5,YYNNNNNNNNNNNNNYNNNNY,Y,"100,111,300,418,800,000","01,02,16,21",0,1,0,0,1,0,0,1,0,1,0,0,0,0,1,0
FEFS809,Am. Indian/Alaskan Native,2,NNNNNNNNNNNNNNNYNNNNN,N,"300,418",16,0,1,0,0,0,0,0,0,0,0,0,0,0,0,0,0
KUYV113,Hispanic/Latinx,5,YYNNNNNNNNNNNNNYNNNNN,Y,"100,111,300","01,02,16",0,1,0,0,1,0,0,0,0,1,0,0,0,0,0,0
KTNU458,Hispanic/Latinx,5,YYNNYNNNNNNNNNYYNNNNN,Y,"100,111,119,300,419,000,000","01,02,05,15,16",1,1,0,0,1,0,0,0,1,1,0,0,0,0,0,0
NVBO243,Multiple Ethnicity,7,NNNNNNNNNNNNNNYYNNNNY,N,"300,418,500,15,800,809","15,16,21",1,1,0,0,0,0,0,1,1,1,0,0,0,0,1,0
SYMD622,Multiple Ethnicity,7,NNNNNNNNNNNNNNNYNYNNY,N,"300,418,600,18,800,809","16,18,21",0,1,0,0,0,1,0,1,0,1,0,0,1,0,1,0
SXBF156,Multiple Ethnicity,7,NNNNNNNNNNNNNNNYNNNNY,N,"300,325,800,806","16,21",0,1,0,0,0,0,0,1,0,1,0,0,0,0,1,0
XHVI303,Hispanic/Latinx,5,YYNNNNNNNNNNNNNYNNNNN,Y,"100,111,300","01,02,16",0,1,0,0,1,0,0,0,0,1,0,0,0,0,0,0
HSUS512,Multiple Ethnicity,7,NNNNNNNNNNNNNNNYNNNNY,N,"300,418,800,804,806","16,21",0,1,0,0,0,0,0,1,0,1,0,0,0,0,1,0
FWWP177,Multiple Ethnicity,7,NNNNNNNNNNNNNNNYNNNNY,N,"300,325,800,809","16,21",0,1,0,0,0,0,0,1,0,1,0,0,0,0,1,0
MWMX459,Multiple Ethnicity,7,NNNNNNNNNNNNNNYYNNNNY,N,"300,325,500,503,506,000,000,000,000","15,16,21",1,1,0,0,0,0,0,1,1,1,0,0,0,0,1,0
XQYA728,Hispanic/Latinx,5,YYNNNNNNNNNNNNNYNNNNY,Y,"100,111,300,418,800,000,000","01,02,16,21",0,1,0,0,1,0,0,1,0,1,0,0,0,0,1,0
MFSU833,Am. Indian/Alaskan Native,2,NNNNNNNNNNNNNNNYNNNNN,N,300,16,0,1,0,0,0,0,0,0,0,0,0,0,0,0,0,0
RYEH943,Hispanic/Latinx,5,YNNNYNNNNNNNNNNYNNNNY,Y,"100,117,300,325,368,000,000","01,05,16,21",0,1,0,0,1,0,0,1,0,1,0,0,0,0,1,0
RAST161,Multiple Ethnicity,7,NNNNNNNNNNNNNNNYNNNNY,N,"300,418,800","16,21",0,1,0,0,0,0,0,1,0,1,0,0,0,0,1,0
HJIV874,Hispanic/Latinx,5,YYNNNNNNNNNNNNNYNNNNY,Y,"100,111,300,418,800,000,000","01,02,16,21",0,1,0,0,1,0,0,1,0,1,0,0,0,0,1,0
SHRV567,Multiple Ethnicity,7,NNNNNNNNNNNNNNNYNNNNY,N,"300,418,800,806","16,21",0,1,0,0,0,0,0,1,0,1,0,0,0,0,1,0
QOVR966,Multiple Ethnicity,7,NNNNNNNNNNNNNNNYNNNNY,N,"300,418,800,803,806","16,21",0,1,0,0,0,0,0,1,0,1,0,0,0,0,1,0
KJTW246,Hispanic/Latinx,5,YNYNYNNNNNNNNNNYNNNNY,Y,"100,109,117,300,327,000,000","01,03,05,16,21",0,1,0,0,1,0,0,1,0,1,0,0,0,0,1,0
WWVY779,Am. Indian/Alaskan Native,2,NNNNNNNNNNNNNNNYNNNNN,N,"300,418",16,0,1,0,0,0,0,0,0,0,0,0,0,0,0,0,0
IABC428,Am. Indian/Alaskan Native,2,XNNNNNNNNNNNNNNYNNNNN,NA,"300,325",16,0,1,0,0,0,0,0,0,0,0,0,0,0,0,0,0
ILLJ675,Hispanic/Latinx,5,YYNNYNNNNNNNNNNYNNNNY,Y,"100,111,117,300,391,000,000,000","01,02,05,16,21",0,1,0,0,1,0,0,1,0,1,0,0,0,0,1,0
YJIR122,Hispanic/Latinx,5,YYNNNNNNNNNNNNNYNNNNN,Y,"100,111,300,304,418","01,02,16",0,1,0,0,1,0,0,0,0,1,0,0,0,0,0,0
VPJU304,Hispanic/Latinx,5,YYNNNNNNNNNNNNNYNNNNN,Y,"100,111,300,325,327","01,02,16",0,1,0,0,1,0,0,0,0,1,0,0,0,0,0,0
ABSL916,Hispanic/Latinx,5,YYNNYNNNNNNNNNNYNNNNY,Y,"100,111,117,300,368,000,000","01,02,05,16,21",0,1,0,0,1,0,0,1,0,1,0,0,0,0,1,0
FMIH850,Hispanic/Latinx,5,YYNNNNNNNNNNNNNYNNNNY,Y,"100,111,300,391,800,000","01,02,16,21",0,1,0,0,1,0,0,1,0,1,0,0,0,0,1,0
GIPI133,Multiple Ethnicity,7,NNNNNNNNNNNNNNYYNNNNY,N,"300,418,500,800","15,16,21",1,1,0,0,0,0,0,1,1,1,0,0,0,0,1,0
XFPN399,Hispanic/Latinx,5,YYNYNNNNNNNNNNNYNNNNY,Y,"100,101,111,300,304,000,000,000,000","01,02,04,16,21",0,1,0,0,1,0,0,1,0,1,0,0,0,0,1,0
NQWQ699,Hispanic/Latinx,5,YYNNNNNNNNNNNNNYNNNNN,Y,"100,111,300,418","01,02,16",0,1,0,0,1,0,0,0,0,1,0,0,0,0,0,0
CXZD145,Hispanic/Latinx,5,YNYNYNNNNNNNNNNYNNNNY,Y,"100,109,117,300,418,000,000,000","01,03,05,16,21",0,1,0,0,1,0,1,1,0,1,0,0,0,1,1,0
CAMY788,Multiple Ethnicity,7,NNNNNNNNNNNYNNNYNNNNN,N,"200,12,300","12,16",0,1,1,0,0,0,0,0,0,1,1,0,0,0,0,0
RYCI242,Multiple Ethnicity,7,XNNNNNNNNNNNNNNYNNNNY,NA,"300,325,800,808","16,21",0,1,0,0,0,0,0,1,0,1,0,0,0,0,1,0
UBHL630,Hispanic/Latinx,5,YYNNNNNNNNNNNNNYNNNNN,Y,"100,111,300,304","01,02,16",0,1,0,0,1,0,0,0,0,1,0,0,0,0,0,0
CVKF783,Multiple Ethnicity,7,NNNNNNNNNNNNNNNYNNNNY,N,"300,418,800,806,809","16,21",0,1,0,0,0,0,0,1,0,1,0,0,0,0,1,0
INMO933,Multiple Ethnicity,7,NNNNNNNNNNNNNNNYNNNNY,N,"300,418,800,804,805,000","16,21",0,1,0,0,0,0,0,1,0,1,0,0,0,0,1,0
YTDD103,Multiple Ethnicity,7,NNNNNNNNNNNNNNNYNNNNY,N,"300,369,800,809","16,21",0,1,0,0,0,0,0,1,0,1,0,0,0,0,1,0
DCET821,Multiple Ethnicity,7,NNNNNNNYNNNNNNNYNNNNY,N,"200,08,300,418,800,809","08,16,21",0,1,1,0,0,0,0,1,0,1,1,0,0,0,1,0
KZQJ355,Hispanic/Latinx,5,YYNNYNNNNNNNNNNYNNNNY,Y,"100,111,115,117,300,000,000,000","01,02,05,16,21",0,1,0,0,1,0,0,1,0,1,0,0,0,0,1,0
JTWS501,Hispanic/Latinx,5,YYNNYNNNNNNNNNNYNNNNY,Y,"100,111,115,300,304,000,000,000","01,02,05,16,21",0,1,0,0,1,0,0,1,0,1,0,0,0,0,1,0
INIV999,Hispanic/Latinx,5,YYNNNNNNNNNNNNNYNNNNN,Y,"100,111,300,368","01,02,16",0,1,0,0,1,0,0,0,0,1,0,0,0,0,0,0
YQPG914,Am. Indian/Alaskan Native,2,NNNNNNNNNNNNNNNYNNNNN,N,"300,325",16,0,1,0,0,0,0,0,0,0,0,0,0,0,0,0,0
CBKJ751,Multiple Ethnicity,7,NNNNNNNNNNNNNNYYNNNNY,N,"300,327,500,15,800","15,16,21",1,1,0,0,0,0,0,1,1,1,0,0,0,0,1,0
FMOV592,Am. Indian/Alaskan Native,2,NNNNNNNNNNNNNNNYNNNNN,N,"300,325",16,0,1,0,0,0,0,0,0,0,0,0,0,0,0,0,0
CAKP131,Multiple Ethnicity,7,NNNNNNNNNNNNNNNYNNNNY,N,"300,325,800,806","16,21",0,1,0,0,0,0,0,1,0,1,0,0,0,0,1,0
YQDZ420,Hispanic/Latinx,5,YYNNNNNNNNNNNNNYNNNNN,Y,"100,111,300,418,600","01,02,16",0,1,0,0,1,0,0,0,0,1,0,0,0,0,0,0
UDDL904,Hispanic/Latinx,5,YYNNYNNNNNNNYNNYNNNNY,Y,"100,111,115,200,13,300,418,800,806","01,02,05,13,16,21",0,1,0,1,1,0,0,1,0,1,0,1,0,0,1,0
NVTG759,Hispanic/Latinx,5,YYNNNNNNNNNNNNNYNNNNY,Y,"100,111,300,418,800,000","01,02,16,21",0,1,0,0,1,0,0,1,0,1,0,0,0,0,1,0
QWDH631,Hispanic/Latinx,5,YYNNNNNNNNNNNNNYNNNNN,Y,"100,111,300,418","01,02,16",0,1,0,0,1,0,0,0,0,1,0,0,0,0,0,0
PPXL222,Am. Indian/Alaskan Native,2,NNNNNNNNNNNNNNNYNNNNN,N,"300,409",16,0,1,0,0,0,0,0,0,0,0,0,0,0,0,0,0
IQEE784,Hispanic/Latinx,5,YYNNYNNNNNNNNNYYNNNNN,Y,"100,111,117,300,304,325,397,500,15,507,508","01,02,05,15,16",1,1,0,0,1,0,0,0,1,1,0,0,0,0,0,0
RTQU513,Multiple Ethnicity,7,NNNNNNNNNNNNNNYYNNNNN,N,"300,325,500,15","15,16",1,1,0,0,0,0,0,0,1,1,0,0,0,0,0,0
IVXH231,Multiple Ethnicity,7,NNNNNNNNNNNNNNNYNNYYN,N,"300,419,600,19,20","16,19,20",0,1,0,0,0,1,0,0,0,1,0,0,1,0,0,0
ZIIW774,Hispanic/Latinx,5,YYNNYNNNNNNNNNNYNNNNY,Y,"100,111,117,300,325,000,000,000","01,02,05,16,21",0,1,0,0,1,0,0,1,0,1,0,0,0,0,1,0
AADO975,Multiple Ethnicity,7,NNNNNNNNNNNNNNNYNNNNY,N,"300,800","16,21",0,1,0,0,0,0,0,1,0,1,0,0,0,0,1,0
OFWL865,Hispanic/Latinx,5,YNNNYNNNNNNNNNNYNNNNY,Y,"100,117,300,325,800,000","01,05,16,21",0,1,0,0,1,0,0,1,0,1,0,0,0,0,1,0
AKBY736,Hispanic/Latinx,5,YYNNNNNNNNNNNNNYNNNNY,Y,"100,111,300,325,800,000","01,02,16,21",0,1,0,0,1,0,0,1,0,1,0,0,0,0,1,0
ZSQL365,Hispanic/Latinx,5,YYNNNNNNNNNNNNNYNNNNN,Y,"100,111,300,418","01,02,16",0,1,0,0,1,0,0,0,0,1,0,0,0,0,0,0
UIFF534,Hispanic/Latinx,5,YYNNNNNNNNNNYNNYNNNNN,Y,"100,111,200,13,300","01,02,13,16",0,1,0,1,1,0,0,0,0,1,0,1,0,0,0,0
ZSLU661,Hispanic/Latinx,5,YYNNNNNNNNNNNNNYNNNNN,Y,"100,111,300,418","01,02,16",0,1,0,0,1,0,0,0,0,1,0,0,0,0,0,0
URPO731,Multiple Ethnicity,7,NNNNNNYNNNNNNNNYNNNNY,N,"200,07,300,325,800,804,806,809","07,16,21",0,1,1,0,0,0,0,1,0,1,1,0,0,0,1,0
HVVG771,Multiple Ethnicity,7,NNNNNNNNNNNNNNNYNNNNY,N,"300,325,800","16,21",0,1,0,0,0,0,0,1,0,1,0,0,0,0,1,0
PEKI175,Multiple Ethnicity,7,NNNNNNNNNNNNNNYYNNNNY,N,"300,418,500,15,800,804,806","15,16,21",1,1,0,0,0,0,0,1,1,1,0,0,0,0,1,0
BZSP327,Multiple Ethnicity,7,NNNNNNNNNNNNNNYYNNNNY,N,"300,500,800","15,16,21",1,1,0,0,0,0,0,1,1,1,0,0,0,0,1,0
IOZG402,Multiple Ethnicity,7,NNNNNNNNNNNNNNNYNNNNY,N,"300,409,800,809","16,21",0,1,0,0,0,0,0,1,0,1,0,0,0,0,1,0
NNLX576,Am. Indian/Alaskan Native,2,NNNNNNNNNNNNNNNNNNNNY,N,"800,806",21,0,1,0,0,0,0,0,1,0,0,0,0,0,0,0,0
QNOG590,Multiple Ethnicity,7,NNNNNNNNNNNNNNNYNNNNY,N,"300,325,418,800,804,000,000","16,21",0,1,0,0,0,0,0,1,0,1,0,0,0,0,1,0
MYRA329,Hispanic/Latinx,5,YYNNNNNNNNNNNNNYNNNNN,Y,"100,111,300,327","01,02,16",0,1,0,0,1,0,0,0,0,1,0,0,0,0,0,0
ICQR829,Hispanic/Latinx,5,YYNNNNNYNNNNNNNYNNNNY,Y,"100,111,200,08,300,418,800,806","01,02,08,16,21",0,1,1,0,1,0,0,1,0,1,1,0,0,0,1,0
ZHHJ436,Multiple Ethnicity,7,NNNNNNNNNNNNNNYYNNNNY,N,"300,325,500,15,800","15,16,21",1,1,0,0,0,0,0,1,1,1,0,0,0,0,1,0
XHAH547,Multiple Ethnicity,7,NNNNNNNNNNNNNNNYNNNNY,N,"300,337,800,805","16,21",0,1,0,0,0,0,0,1,0,1,0,0,0,0,1,0
NADE207,White,9,NNNNNNNNNNNNNNNYNNNNY,N,"300,325,800,806,809","16,21",0,1,0,0,0,0,0,1,0,0,0,0,0,0,0,0
PPJD235,Multiple Ethnicity,7,NNNNNNNNNNNNNNNYNNNNY,N,"300,418,800,806,809","16,21",0,1,0,0,0,0,0,1,0,1,0,0,0,0,1,0
MJEC798,Multiple Ethnicity,7,NNNNNNNNNNNNNNNYNNNYN,N,"300,418,419,600,20","16,20",0,1,0,0,0,1,0,0,0,1,0,0,1,0,0,0
FZPE278,Multiple Ethnicity,7,NNNNNNNNNNNNNNNYNNNNY,N,"300,348,800,809","16,21",0,1,0,0,0,0,0,1,0,1,0,0,0,0,1,0
HGXV153,Hispanic/Latinx,5,YNNNNNNNNNNNNNYYNNNNY,Y,"100,200,300,500,600,000,000","01,15,16,21",1,1,0,0,1,0,1,1,1,1,0,0,0,1,1,0
PEMD599,Hispanic/Latinx,5,YYNNNNNNNNNNNNNYNNNNN,Y,"100,111,300,304","01,02,16",0,1,0,0,1,0,0,0,0,1,0,0,0,0,0,0
FHEG665,Multiple Ethnicity,7,NNNNNNNNNNNNNNNYNNNNY,N,"300,418,800,806,809","16,21",0,1,0,0,0,0,0,1,0,1,0,0,0,0,1,0
JILL840,Hispanic/Latinx,5,YYYNNNNNNNNNNNNYNNNNY,Y,"100,109,111,300,304,000,000","01,02,03,16,21",0,1,0,0,1,0,0,1,0,1,0,0,0,0,1,0
VLRB524,Am. Indian/Alaskan Native,2,NNNNNNNNNNNNNNNYNNNNN,N,"300,397",16,0,1,0,0,0,0,0,0,0,0,0,0,0,0,0,0
ULLU683,Multiple Ethnicity,7,NNNNNNNNNNNNNNNYNNNYN,N,"300,418,600,601","16,20",0,1,0,0,0,1,0,0,0,1,0,0,1,0,0,0
NZES925,Hispanic/Latinx,5,YYNNNNNNNNNNNNYYNNNNY,Y,"100,111,300,500,15,800,806","01,02,15,16,21",1,1,0,0,1,0,0,1,1,1,0,0,0,0,1,0
AYAU618,Hispanic/Latinx,5,YNYNNNNNNNNNNNNYNNNNN,Y,"100,112,300,331","01,03,16",0,1,0,0,1,0,0,0,0,1,0,0,0,0,0,0
OAPR358,Multiple Ethnicity,7,NNNNNNNNNNNNNNNYNNNNY,N,"300,325,700,713","16,21",0,1,0,0,0,0,1,1,0,1,0,0,0,1,1,0
YDCX333,Hispanic/Latinx,5,YYNNNNNNNNNNNNNYNNNNN,Y,"100,111,300,319","01,02,16",0,1,0,0,1,0,0,0,0,1,0,0,0,0,0,0
EUWX474,Am. Indian/Alaskan Native,2,NNNNNNNNNNNNNNNYNNNNN,N,"300,396",16,0,1,0,0,0,0,0,0,0,0,0,0,0,0,0,0
GOXI409,Multiple Ethnicity,7,NNNNNNNNNNNNNNNYNNNNY,N,"300,353,800,809","16,21",0,1,0,0,0,0,0,1,0,1,0,0,0,0,1,0
HQDA348,Hispanic/Latinx,5,YNNNYNNNNNNNNNNYNNNNY,Y,"100,117,300,800,806","01,05,16,21",0,1,0,0,1,0,0,1,0,1,0,0,0,0,1,0
FPFX597,Hispanic/Latinx,5,YNNNYNNNNNNNNNYYNNNNN,Y,"100,106,107,119,300,325,500,15","01,05,15,16",1,1,0,0,1,0,0,0,1,1,0,0,0,0,0,0
HNRH889,Hispanic/Latinx,5,YYNNYNNNNNNNNNNYNNNNY,Y,"100,111,117,300,418,000,000","01,02,05,16,21",0,1,0,0,1,0,0,1,0,1,0,0,0,0,1,0
JQXT749,Multiple Ethnicity,7,NNNNNNNNNNNNNNNYNNNNY,N,"300,419,800","16,21",0,1,0,0,0,0,0,1,0,1,0,0,0,0,1,0
NKTV755,Multiple Ethnicity,7,NNNNNNNNNNNNNNNYNNNNY,N,"300,325,800,806","16,21",0,1,0,0,0,0,0,1,0,1,0,0,0,0,1,0
IWPE292,Hispanic/Latinx,5,YYNNNNNNNNNNNNNYNNNNY,Y,"100,111,300,419,800,000","01,02,16,21",0,1,0,0,1,0,0,1,0,1,0,0,0,0,1,0
RUAI825,Hispanic/Latinx,5,YYYNNNNNNNNNNNNYNNNNN,Y,"100,111,116,300,397","01,02,03,16",0,1,0,0,1,0,0,0,0,1,0,0,0,0,0,0
AIGQ173,Hispanic/Latinx,5,YYNNYNNNNNNNNNYYNNNNN,Y,"100,111,115,300,418,500,15","01,02,05,15,16",1,1,0,0,1,0,0,0,1,1,0,0,0,0,0,0
AXAJ438,Multiple Ethnicity,7,NNNNNNNNNNNNNNNYNNNNY,N,"300,302,419,800","16,21",0,1,0,0,0,0,0,1,0,1,0,0,0,0,1,0
ZHNY443,Am. Indian/Alaskan Native,2,NNNNNNNNNNNNNNNYNNNNN,N,"300,308,325",16,0,1,0,0,0,0,0,0,0,0,0,0,0,0,0,0
ICDG862,Hispanic/Latinx,5,YNYNNNNNNNNNNNNYNNNNN,Y,"100,109,300,325","01,03,16",0,1,0,0,1,0,0,0,0,1,0,0,0,0,0,0
DRYH106,Multiple Ethnicity,7,XNNNNNNNNNNNNNNYNYNNY,NA,"300,409,600,18,800,806","16,18,21",0,1,0,0,0,1,0,1,0,1,0,0,1,0,1,0
WFTC724,Multiple Ethnicity,7,NNNNNNNNNNNNNNNYNNNNY,N,"300,325,418,800,804","16,21",0,1,0,0,0,0,0,1,0,1,0,0,0,0,1,0
KJBH780,Am. Indian/Alaskan Native,2,XNNNNNNNNNNNNNNYNNNNN,NA,"300,409",16,0,1,0,0,0,0,0,0,0,0,0,0,0,0,0,0
RIBE152,Multiple Ethnicity,7,NNNNNNNNNNNNNNYYNNNNN,N,"300,327,500","15,16",1,1,0,0,0,0,0,0,1,1,0,0,0,0,0,0
STKS941,Hispanic/Latinx,5,YYNNNNNNNNNNNNNYNNNNY,Y,"100,111,300,800","01,02,16,21",0,1,0,0,1,0,0,1,0,1,0,0,0,0,1,0
ZSOH634,Multiple Ethnicity,7,NNNNNNNNNNNNNNNYNNNNY,N,"300,800","16,21",0,1,0,0,0,0,0,1,0,1,0,0,0,0,1,0
VDGI677,Hispanic/Latinx,5,YNNNYNNNNNNNNNNYNNNNN,Y,"100,106,300,325,600","01,05,16",0,1,0,0,1,0,0,0,0,1,0,0,0,0,0,0
VWHP684,Multiple Ethnicity,7,NNNNNNNNNNNNNNNYNNNNY,N,"300,800","16,21",0,1,0,0,0,0,0,1,0,1,0,0,0,0,1,0
VPZV964,Multiple Ethnicity,7,NNNNNNNNNNNNNNNYNNNNY,N,"300,325,800,806,809","16,21",0,1,0,0,0,0,0,1,0,1,0,0,0,0,1,0
JGWO372,Hispanic/Latinx,5,YNYNNNNNNNNNNNNYNNNNN,Y,"100,109,300,418","01,03,16",0,1,0,0,1,0,0,0,0,1,0,0,0,0,0,0
ZTTV433,Multiple Ethnicity,7,NNNNNNNNNNNNNNNYNNNNY,N,"300,325,800","16,21",0,1,0,0,0,0,0,1,0,1,0,0,0,0,1,0
XDYM997,Am. Indian/Alaskan Native,2,NNNNNNNNNNNNNNNYNNNNN,N,"300,325",16,0,1,0,0,0,0,0,0,0,0,0,0,0,0,0,0
TMYS234,Hispanic/Latinx,5,YNNNYNNNNNNNNNYYNNNNN,Y,"100,115,300,500","01,05,15,16",1,1,0,0,1,0,0,0,1,1,0,0,0,0,0,0
PADE944,Multiple Ethnicity,7,NNNNNNNNNNNNNNNYNNNNY,N,"300,368,418,800,804,000","16,21",0,1,0,0,0,0,0,1,0,1,0,0,0,0,1,0
QBAZ854,Multiple Ethnicity,7,NNNNNNNNNNNNNNNYNNNNY,N,"300,418,700,707,800,000","16,21",0,1,0,0,0,0,1,1,0,1,0,0,0,1,1,0
LMWS412,Hispanic/Latinx,5,YNNNYNNNNNNNNNNYNNNNY,Y,"100,117,119,300,418,000,000","01,05,16,21",0,1,0,0,1,0,0,1,0,1,0,0,0,0,1,0
GPMX679,Multiple Ethnicity,7,NNNNNNNNNNNNNNNYNNNNY,N,"300,418,800","16,21",0,1,0,0,0,0,0,1,0,1,0,0,0,0,1,0
XPIE920,Multiple Ethnicity,7,NNNNNNNNNNNNNNYYNNNNN,N,"300,325,500,15","15,16",1,1,0,0,0,0,0,0,1,1,0,0,0,0,0,0
MFFB452,Multiple Ethnicity,7,NNNNNNNNNNNNNNNYNNNNY,N,"300,397,800,809","16,21",0,1,0,0,0,0,0,1,0,1,0,0,0,0,1,0
RSKK744,Multiple Ethnicity,7,NNNNNNYNNNNNNNNYNNNNY,N,"200,07,300,418,800,806","07,16,21",0,1,1,0,0,0,0,1,0,1,1,0,0,0,1,0
HTFD924,Multiple Ethnicity,7,NNNNNNNNNNNNYNNYNNNNN,N,"200,13,300,403","13,16",0,1,0,1,0,0,0,0,0,1,0,1,0,0,0,0
DSIQ208,Multiple Ethnicity,7,NNNNNNNNNNNNNNNYNNNNY,N,"300,366,800,809","16,21",0,1,0,0,0,0,0,1,0,1,0,0,0,0,1,0
BKYB715,Hispanic/Latinx,5,YYNNNNNNNNNNNNNYNNNNN,Y,"100,111,300,418","01,02,16",0,1,0,0,1,0,0,0,0,1,0,0,0,0,0,0
XNOP844,Hispanic/Latinx,5,YYNNNNNNNNNNNNNYNNNNY,Y,"100,111,300,800","01,02,16,21",0,1,0,0,1,0,0,1,0,1,0,0,0,0,1,0
UVIY792,Multiple Ethnicity,7,NNNNNNNNNNNNNNNYNNNNY,N,"300,325,800","16,21",0,1,0,0,0,0,0,1,0,1,0,0,0,0,1,0
NOYR430,Hispanic/Latinx,5,YYNNNNNNNNNNNNYYNNNNY,Y,"100,111,300,418,500,15,800,806","01,02,15,16,21",1,1,0,0,1,0,0,1,1,1,0,0,0,0,1,0
COHR484,Am. Indian/Alaskan Native,2,NNNNNNNNNNNNNNNYNNNNN,N,"300,418",16,0,1,0,0,0,0,0,0,0,0,0,0,0,0,0,0
NCRU181,Multiple Ethnicity,7,NNNNNNNNNNNNNNNYNNNNY,N,"300,418,800,804,806,000","16,21",0,1,0,0,0,0,0,1,0,1,0,0,0,0,1,0
QVYJ137,Am. Indian/Alaskan Native,2,NNNNNNNNNNNNNNNYNNNNN,N,"300,418",16,0,1,0,0,0,0,0,0,0,0,0,0,0,0,0,0
MYPP341,Multiple Ethnicity,7,NNNNNNNNNNNNNNNYNNNNY,N,"300,375,800","16,21",0,1,0,0,0,0,0,1,0,1,0,0,0,0,1,0
LPYD841,Hispanic/Latinx,5,YYNNNNNNNNNNYNNYNNNNN,Y,"100,111,200,13,300,397","01,02,13,16",0,1,0,1,1,0,0,0,0,1,0,1,0,0,0,0
SQWI867,Hispanic/Latinx,5,YYNNNNNNNNNNNNNYNNNNY,Y,"100,111,300,311,418,000,000","01,02,16,21",0,1,0,0,1,0,0,1,0,1,0,0,0,0,1,0
VBDK351,Multiple Ethnicity,7,NNNNNNYNNNNNNNNYNNNNY,N,"200,07,300,325,800,804","07,16,21",0,1,1,0,0,0,0,1,0,1,1,0,0,0,1,0
DWQU523,Multiple Ethnicity,7,NNNNNNNNNNNNNNNYNNNNY,N,"300,800,809","16,21",0,1,0,0,0,0,0,1,0,1,0,0,0,0,1,0
KKQK894,Hispanic/Latinx,5,YNNNYNNNNNNNNNNYNNNNY,Y,"100,117,119,300,418,000,000","01,05,16,21",0,1,0,0,1,0,0,1,0,1,0,0,0,0,1,0
ORSM899,Am. Indian/Alaskan Native,2,NNNNNNNNNNNNNNNYNNNNN,N,"300,325",16,0,1,0,0,0,0,0,0,0,0,0,0,0,0,0,0
PDPY331,Multiple Ethnicity,7,XNNNNNNNNNNNNNNYNNNNY,NA,"300,325,800,804,806","16,21",0,1,0,0,0,0,0,1,0,1,0,0,0,0,1,0
ZUNH880,Multiple Ethnicity,7,NNNNNNNNNNNNNNNYNNNNY,N,"300,325,800,809","16,21",0,1,0,0,0,0,0,1,0,1,0,0,0,0,1,0
INHT507,Multiple Ethnicity,7,NNNNNNNNNNNNNNNYNNNNY,N,"300,325,416,418,800,000,000,000","16,21",0,1,0,0,0,0,0,1,0,1,0,0,0,0,1,0
QUNL888,Multiple Ethnicity,7,NNNNNNNNNNNNNNNYNNNNY,N,"300,800","16,21",0,1,0,0,0,0,0,1,0,1,0,0,0,0,1,0
MUDJ417,Hispanic/Latinx,5,YNNNYNNNNNNNNNNYNNNNN,Y,"100,119,300,304","01,05,16",0,1,0,0,1,0,0,0,0,1,0,0,0,0,0,0
HFVB589,Multiple Ethnicity,7,NNNNNNNNNNNNNNNYNNNNY,N,"300,800","16,21",0,1,0,0,0,0,0,1,0,1,0,0,0,0,1,0
HEWR277,Am. Indian/Alaskan Native,2,NNNNNNNNNNNNNNNYNNNNN,N,"300,325",16,0,1,0,0,0,0,0,0,0,0,0,0,0,0,0,0
KMQC905,Multiple Ethnicity,7,NNNNNNNNNNNNNNNYNNNNY,N,"300,418,800,806","16,21",0,1,0,0,0,0,0,1,0,1,0,0,0,0,1,0
RIRO210,Hispanic/Latinx,5,YNNNYNNNNNNNNNNYNNNNY,Y,"100,119,300,397,800,000,000","01,05,16,21",0,1,0,0,1,0,0,1,0,1,0,0,0,0,1,0
TCRG971,Hispanic/Latinx,5,YYYNNNNNNNNNNNNYNNNNY,Y,"100,111,116,300,800,000","01,02,03,16,21",0,1,0,0,1,0,0,1,0,1,0,0,0,0,1,0
BUFX514,Multiple Ethnicity,7,NNNNNYYYNNNYNYYYNNNNY,N,"200,06,07,08,12,209,300,325,500,15,800,804","06,07,08,12,14,15,16,21",1,1,1,0,0,0,0,1,1,1,1,0,0,0,1,0
OXXA921,Multiple Ethnicity,7,NNNNNNNNNNNNNNNYNNNNY,N,"300,325,800","16,21",0,1,0,0,0,0,0,1,0,1,0,0,0,0,1,0
JJWH993,Multiple Ethnicity,7,NNNNNNNNNNNNNNNYNNNNY,N,"300,418,800","16,21",0,1,0,0,0,0,0,1,0,1,0,0,0,0,1,0
